country_iso_code,year,temperature_change
AFG,2000,0.993
AFG,2001,1.311
AFG,2002,1.365
AFG,2003,0.587
AFG,2004,1.373
AFG,2005,0.401
AFG,2006,1.72
AFG,2007,0.675
AFG,2008,0.704
AFG,2009,0.895
AFG,2010,1.613
AFG,2011,1.397
AFG,2012,0.223
AFG,2013,1.281
AFG,2014,0.456
AFG,2015,1.093
AFG,2016,1.555
AFG,2017,1.54
AFG,2018,1.544
AFG,2019,0.91
AFG,2020,0.498
AFG,2021,1.327
AFG,2022,2.012
ALB,2000,1.065
ALB,2001,1.532
ALB,2002,0.492
ALB,2003,0.97
ALB,2004,0.444
ALB,2005,0.189
ALB,2006,0.345
ALB,2007,1.316
ALB,2008,0.978
ALB,2009,0.91
ALB,2010,1.191
ALB,2011,1.055
ALB,2012,1.487
ALB,2013,1.333
ALB,2014,1.198
ALB,2015,1.569
ALB,2016,1.464
ALB,2017,1.121
ALB,2018,2.028
ALB,2019,1.675
ALB,2020,1.498
ALB,2021,1.536
ALB,2022,1.518
DZA,2000,0.82
DZA,2001,1.856
DZA,2002,1.258
DZA,2003,1.585
DZA,2004,0.988
DZA,2005,1.264
DZA,2006,1.395
DZA,2007,1.22
DZA,2008,1.185
DZA,2009,0.945
DZA,2010,2.265
DZA,2011,1.398
DZA,2012,1.147
DZA,2013,1.192
DZA,2014,1.69
DZA,2015,1.121
DZA,2016,1.757
DZA,2017,1.512
DZA,2018,1.21
DZA,2019,1.115
DZA,2020,1.926
DZA,2021,2.33
DZA,2022,1.688
ASM,2000,0.626
ASM,2001,0.904
ASM,2002,1.152
ASM,2003,0.716
ASM,2004,0.191
ASM,2005,0.801
ASM,2006,0.403
ASM,2007,1.032
ASM,2008,0.67
ASM,2009,
ASM,2010,1.311
ASM,2011,0.854
ASM,2012,0.924
ASM,2013,1.257
ASM,2014,1.17
ASM,2015,1.009
ASM,2016,1.539
ASM,2017,1.435
ASM,2018,1.189
ASM,2019,1.539
ASM,2020,1.43
ASM,2021,1.268
ASM,2022,1.256
AND,2000,1.05
AND,2001,1.48
AND,2002,0.835
AND,2003,1.949
AND,2004,0.936
AND,2005,0.851
AND,2006,1.485
AND,2007,1.024
AND,2008,0.946
AND,2009,1.413
AND,2010,0.471
AND,2011,1.677
AND,2012,1.265
AND,2013,0.831
AND,2014,1.946
AND,2015,1.69
AND,2016,1.99
AND,2017,1.925
AND,2018,1.919
AND,2019,1.964
AND,2020,2.562
AND,2021,1.533
AND,2022,3.243
AGO,2000,0.169
AGO,2001,0.295
AGO,2002,0.735
AGO,2003,0.889
AGO,2004,0.414
AGO,2005,1.021
AGO,2006,0.561
AGO,2007,0.885
AGO,2008,0.501
AGO,2009,0.708
AGO,2010,1.194
AGO,2011,0.88
AGO,2012,0.552
AGO,2013,1.044
AGO,2014,0.828
AGO,2015,1.331
AGO,2016,1.609
AGO,2017,0.87
AGO,2018,1.395
AGO,2019,1.752
AGO,2020,1.162
AGO,2021,1.553
AGO,2022,1.212
AIA,2000,0.264
AIA,2001,0.587
AIA,2002,0.706
AIA,2003,0.816
AIA,2004,0.521
AIA,2005,0.828
AIA,2006,0.691
AIA,2007,0.957
AIA,2008,0.411
AIA,2009,0.566
AIA,2010,1.09
AIA,2011,0.489
AIA,2012,0.64
AIA,2013,0.77
AIA,2014,0.814
AIA,2015,1.051
AIA,2016,1.125
AIA,2017,0.96
AIA,2018,0.664
AIA,2019,0.843
AIA,2020,1.224
AIA,2021,0.893
AIA,2022,0.839
ATG,2000,0.335
ATG,2001,
ATG,2002,0.634
ATG,2003,0.783
ATG,2004,0.501
ATG,2005,0.843
ATG,2006,0.659
ATG,2007,0.934
ATG,2008,0.394
ATG,2009,0.498
ATG,2010,1.153
ATG,2011,0.586
ATG,2012,0.696
ATG,2013,0.783
ATG,2014,0.744
ATG,2015,1.035
ATG,2016,1.097
ATG,2017,0.958
ATG,2018,0.627
ATG,2019,0.797
ATG,2020,1.131
ATG,2021,0.862
ATG,2022,0.77
ARG,2000,-0.186
ARG,2001,0.425
ARG,2002,0.278
ARG,2003,0.635
ARG,2004,0.47
ARG,2005,0.281
ARG,2006,0.596
ARG,2007,-0.169
ARG,2008,0.601
ARG,2009,0.857
ARG,2010,0.135
ARG,2011,0.386
ARG,2012,0.798
ARG,2013,0.442
ARG,2014,0.951
ARG,2015,0.957
ARG,2016,0.488
ARG,2017,1.095
ARG,2018,0.878
ARG,2019,0.76
ARG,2020,1.123
ARG,2021,1.031
ARG,2022,0.643
ARM,2000,1.031
ARM,2001,1.395
ARM,2002,1.194
ARM,2003,0.141
ARM,2004,1.162
ARM,2005,0.48
ARM,2006,1.621
ARM,2007,0.706
ARM,2008,0.861
ARM,2009,0.706
ARM,2010,2.775
ARM,2011,0.65
ARM,2012,1.247
ARM,2013,1.407
ARM,2014,1.283
ARM,2015,1.931
ARM,2016,1.356
ARM,2017,0.889
ARM,2018,2.772
ARM,2019,1.859
ARM,2020,1.954
ARM,2021,2.087
ARM,2022,1.707
ABW,2000,
ABW,2001,
ABW,2002,
ABW,2003,1.067
ABW,2004,0.661
ABW,2005,0.836
ABW,2006,0.51
ABW,2007,0.935
ABW,2008,
ABW,2009,
ABW,2010,1.309
ABW,2011,0.509
ABW,2012,0.58
ABW,2013,1.094
ABW,2014,0.986
ABW,2015,1.149
ABW,2016,
ABW,2017,1.303
ABW,2018,0.698
ABW,2019,1.007
ABW,2020,1.281
ABW,2021,
ABW,2022,
AUS,2000,0.148
AUS,2001,0.336
AUS,2002,0.736
AUS,2003,0.835
AUS,2004,0.723
AUS,2005,1.211
AUS,2006,0.721
AUS,2007,0.929
AUS,2008,0.625
AUS,2009,1.03
AUS,2010,0.673
AUS,2011,0.208
AUS,2012,0.308
AUS,2013,1.499
AUS,2014,1.198
AUS,2015,1.087
AUS,2016,1.172
AUS,2017,1.141
AUS,2018,1.129
AUS,2019,1.422
AUS,2020,1.416
AUS,2021,0.629
AUS,2022,0.754
AUT,2000,1.769
AUT,2001,1.501
AUT,2002,1.531
AUT,2003,1.464
AUT,2004,0.829
AUT,2005,0.628
AUT,2006,0.907
AUT,2007,2.137
AUT,2008,1.582
AUT,2009,1.544
AUT,2010,0.656
AUT,2011,1.373
AUT,2012,1.783
AUT,2013,1.098
AUT,2014,2.409
AUT,2015,2.167
AUT,2016,2.096
AUT,2017,1.741
AUT,2018,2.524
AUT,2019,2.37
AUT,2020,2.315
AUT,2021,1.395
AUT,2022,2.498
AZE,2000,1.098
AZE,2001,1.401
AZE,2002,1.432
AZE,2003,-0.147
AZE,2004,1.303
AZE,2005,0.814
AZE,2006,1.488
AZE,2007,0.958
AZE,2008,0.883
AZE,2009,0.78
AZE,2010,2.327
AZE,2011,0.766
AZE,2012,1.474
AZE,2013,1.574
AZE,2014,1.252
AZE,2015,1.672
AZE,2016,1.53
AZE,2017,1.308
AZE,2018,2.24
AZE,2019,1.997
AZE,2020,2.015
AZE,2021,2.061
AZE,2022,2.08
BHS,2000,0.163
BHS,2001,0.135
BHS,2002,0.856
BHS,2003,0.989
BHS,2004,0.311
BHS,2005,0.455
BHS,2006,0.385
BHS,2007,0.937
BHS,2008,0.842
BHS,2009,0.41
BHS,2010,0.314
BHS,2011,0.363
BHS,2012,0.344
BHS,2013,0.565
BHS,2014,0.883
BHS,2015,1.114
BHS,2016,1.042
BHS,2017,1.331
BHS,2018,1.023
BHS,2019,1.443
BHS,2020,1.611
BHS,2021,0.879
BHS,2022,1.48
BHR,2000,1.119
BHR,2001,1.216
BHR,2002,1.552
BHR,2003,1.256
BHR,2004,1.385
BHR,2005,1.065
BHR,2006,1.823
BHR,2007,1.08
BHR,2008,1.329
BHR,2009,1.224
BHR,2010,2.286
BHR,2011,1.431
BHR,2012,1.385
BHR,2013,1.403
BHR,2014,1.694
BHR,2015,2.24
BHR,2016,1.598
BHR,2017,2.08
BHR,2018,2.247
BHR,2019,2.108
BHR,2020,2.027
BHR,2021,2.464
BHR,2022,2.017
BGD,2000,0.226
BGD,2001,0.316
BGD,2002,0.398
BGD,2003,0.239
BGD,2004,0.269
BGD,2005,0.592
BGD,2006,0.814
BGD,2007,0.266
BGD,2008,0.093
BGD,2009,0.844
BGD,2010,0.768
BGD,2011,0.144
BGD,2012,0.235
BGD,2013,0.23
BGD,2014,0.482
BGD,2015,0.722
BGD,2016,1.337
BGD,2017,1.124
BGD,2018,0.881
BGD,2019,1.136
BGD,2020,0.898
BGD,2021,1.3
BGD,2022,1.216
BRB,2000,0.303
BRB,2001,0.506
BRB,2002,0.546
BRB,2003,0.888
BRB,2004,0.7
BRB,2005,1.13
BRB,2006,0.844
BRB,2007,0.679
BRB,2008,0.316
BRB,2009,0.429
BRB,2010,1.147
BRB,2011,0.677
BRB,2012,0.488
BRB,2013,0.778
BRB,2014,0.418
BRB,2015,0.868
BRB,2016,
BRB,2017,
BRB,2018,
BRB,2019,
BRB,2020,
BRB,2021,
BRB,2022,
BLR,2000,1.941
BLR,2001,1.979
BLR,2002,1.892
BLR,2003,0.084
BLR,2004,0.931
BLR,2005,1.276
BLR,2006,0.647
BLR,2007,2.362
BLR,2008,2.254
BLR,2009,1.603
BLR,2010,1.461
BLR,2011,1.017
BLR,2012,1.561
BLR,2013,1.212
BLR,2014,2.18
BLR,2015,2.247
BLR,2016,2.201
BLR,2017,1.592
BLR,2018,2.342
BLR,2019,2.689
BLR,2020,3.51
BLR,2021,1.728
BLR,2022,1.922
BEL,2000,1.484
BEL,2001,1.336
BEL,2002,1.398
BEL,2003,1.526
BEL,2004,1.089
BEL,2005,1.197
BEL,2006,1.404
BEL,2007,1.883
BEL,2008,1.256
BEL,2009,1.158
BEL,2010,0.233
BEL,2011,1.289
BEL,2012,1.13
BEL,2013,0.463
BEL,2014,2.417
BEL,2015,1.371
BEL,2016,1.882
BEL,2017,1.731
BEL,2018,2.196
BEL,2019,2.081
BEL,2020,2.572
BEL,2021,1.203
BEL,2022,2.807
BLZ,2000,0.175
BLZ,2001,0.445
BLZ,2002,0.733
BLZ,2003,0.948
BLZ,2004,0.701
BLZ,2005,0.849
BLZ,2006,0.655
BLZ,2007,0.85
BLZ,2008,0.579
BLZ,2009,0.922
BLZ,2010,0.843
BLZ,2011,0.724
BLZ,2012,0.644
BLZ,2013,0.785
BLZ,2014,0.697
BLZ,2015,1.502
BLZ,2016,1.446
BLZ,2017,1.342
BLZ,2018,0.85
BLZ,2019,1.556
BLZ,2020,1.716
BLZ,2021,1.286
BLZ,2022,1.031
BEN,2000,0.449
BEN,2001,0.517
BEN,2002,0.721
BEN,2003,0.936
BEN,2004,0.706
BEN,2005,1.105
BEN,2006,1.035
BEN,2007,0.806
BEN,2008,0.632
BEN,2009,0.95
BEN,2010,1.23
BEN,2011,0.949
BEN,2012,0.595
BEN,2013,0.853
BEN,2014,0.94
BEN,2015,1.111
BEN,2016,1.025
BEN,2017,1.16
BEN,2018,1.056
BEN,2019,1.147
BEN,2020,1.031
BEN,2021,1.522
BEN,2022,0.884
BTN,2000,0.214
BTN,2001,0.72
BTN,2002,0.492
BTN,2003,0.498
BTN,2004,0.476
BTN,2005,0.745
BTN,2006,0.955
BTN,2007,0.978
BTN,2008,0.555
BTN,2009,1.394
BTN,2010,1.202
BTN,2011,0.534
BTN,2012,0.512
BTN,2013,0.742
BTN,2014,0.86
BTN,2015,1.068
BTN,2016,1.487
BTN,2017,1.457
BTN,2018,1.346
BTN,2019,1.329
BTN,2020,1.09
BTN,2021,1.707
BTN,2022,1.523
BOL,2000,0.403
BOL,2001,0.653
BOL,2002,1.016
BOL,2003,0.641
BOL,2004,0.846
BOL,2005,0.764
BOL,2006,0.935
BOL,2007,0.537
BOL,2008,0.396
BOL,2009,0.658
BOL,2010,0.68
BOL,2011,1.165
BOL,2012,0.831
BOL,2013,0.507
BOL,2014,0.955
BOL,2015,1.533
BOL,2016,0.824
BOL,2017,0.981
BOL,2018,0.562
BOL,2019,0.921
BOL,2020,1.315
BOL,2021,0.738
BOL,2022,0.644
BIH,2000,1.525
BIH,2001,1.527
BIH,2002,1.141
BIH,2003,1.088
BIH,2004,0.584
BIH,2005,0.124
BIH,2006,0.594
BIH,2007,1.861
BIH,2008,1.373
BIH,2009,1.379
BIH,2010,0.954
BIH,2011,1.117
BIH,2012,1.756
BIH,2013,1.319
BIH,2014,1.823
BIH,2015,1.813
BIH,2016,1.673
BIH,2017,1.419
BIH,2018,2.275
BIH,2019,1.987
BIH,2020,1.88
BIH,2021,1.598
BIH,2022,2.091
BWA,2000,-0.718
BWA,2001,-0.186
BWA,2002,0.359
BWA,2003,0.74
BWA,2004,-0.133
BWA,2005,1.039
BWA,2006,-0.505
BWA,2007,0.23
BWA,2008,0.153
BWA,2009,-0.319
BWA,2010,0.936
BWA,2011,-0.048
BWA,2012,0.473
BWA,2013,0.77
BWA,2014,-0.092
BWA,2015,1.546
BWA,2016,1.469
BWA,2017,0.017
BWA,2018,0.734
BWA,2019,1.525
BWA,2020,0.493
BWA,2021,-0.425
BWA,2022,-1.305
BRA,2000,0.495
BRA,2001,0.746
BRA,2002,1.052
BRA,2003,0.927
BRA,2004,0.768
BRA,2005,1.085
BRA,2006,0.77
BRA,2007,0.969
BRA,2008,0.731
BRA,2009,0.969
BRA,2010,1.112
BRA,2011,0.814
BRA,2012,1.023
BRA,2013,0.922
BRA,2014,1.153
BRA,2015,1.516
BRA,2016,1.457
BRA,2017,1.363
BRA,2018,1.148
BRA,2019,1.517
BRA,2020,1.477
BRA,2021,1.154
BRA,2022,0.926
VGB,2000,0.192
VGB,2001,0.57
VGB,2002,0.741
VGB,2003,0.843
VGB,2004,0.548
VGB,2005,0.825
VGB,2006,0.76
VGB,2007,1.007
VGB,2008,0.406
VGB,2009,0.621
VGB,2010,1.053
VGB,2011,0.393
VGB,2012,0.61
VGB,2013,0.782
VGB,2014,0.878
VGB,2015,1.065
VGB,2016,1.204
VGB,2017,0.971
VGB,2018,0.703
VGB,2019,0.915
VGB,2020,1.317
VGB,2021,0.956
VGB,2022,0.875
BRN,2000,0.485
BRN,2001,0.602
BRN,2002,0.669
BRN,2003,0.735
BRN,2004,0.673
BRN,2005,0.893
BRN,2006,0.718
BRN,2007,0.743
BRN,2008,0.511
BRN,2009,0.875
BRN,2010,1.012
BRN,2011,0.725
BRN,2012,0.912
BRN,2013,1.195
BRN,2014,1.028
BRN,2015,1.281
BRN,2016,1.74
BRN,2017,1.468
BRN,2018,1.41
BRN,2019,1.624
BRN,2020,1.783
BRN,2021,1.458
BRN,2022,1.446
BGR,2000,1.184
BGR,2001,1.648
BGR,2002,0.854
BGR,2003,0.181
BGR,2004,0.533
BGR,2005,0.215
BGR,2006,0.571
BGR,2007,1.883
BGR,2008,1.177
BGR,2009,1.291
BGR,2010,1.361
BGR,2011,0.422
BGR,2012,1.678
BGR,2013,1.476
BGR,2014,1.196
BGR,2015,1.438
BGR,2016,1.899
BGR,2017,0.954
BGR,2018,2.192
BGR,2019,2.112
BGR,2020,2.037
BGR,2021,1.629
BGR,2022,1.831
BFA,2000,0.537
BFA,2001,0.502
BFA,2002,1.015
BFA,2003,0.986
BFA,2004,0.867
BFA,2005,1.449
BFA,2006,1.162
BFA,2007,0.867
BFA,2008,0.297
BFA,2009,0.942
BFA,2010,1.25
BFA,2011,1.001
BFA,2012,0.492
BFA,2013,0.849
BFA,2014,0.888
BFA,2015,1.111
BFA,2016,1.075
BFA,2017,1.212
BFA,2018,1.156
BFA,2019,1.065
BFA,2020,1.044
BFA,2021,1.624
BFA,2022,0.802
BDI,2000,
BDI,2001,0.459
BDI,2002,0.887
BDI,2003,1.032
BDI,2004,1.122
BDI,2005,
BDI,2006,
BDI,2007,1.242
BDI,2008,
BDI,2009,
BDI,2010,
BDI,2011,
BDI,2012,
BDI,2013,
BDI,2014,
BDI,2015,
BDI,2016,
BDI,2017,
BDI,2018,
BDI,2019,
BDI,2020,
BDI,2021,
BDI,2022,
CPV,2000,1.039
CPV,2001,1.329
CPV,2002,1.478
CPV,2003,1.569
CPV,2004,1.604
CPV,2005,1.171
CPV,2006,1.356
CPV,2007,0.821
CPV,2008,1.302
CPV,2009,0.772
CPV,2010,
CPV,2011,1.372
CPV,2012,1.338
CPV,2013,1.331
CPV,2014,1.083
CPV,2015,1.071
CPV,2016,1.692
CPV,2017,2
CPV,2018,0.926
CPV,2019,1.622
CPV,2020,
CPV,2021,1.765
CPV,2022,1.853
KHM,2000,0.296
KHM,2001,0.571
KHM,2002,0.836
KHM,2003,0.711
KHM,2004,0.594
KHM,2005,0.781
KHM,2006,0.767
KHM,2007,0.604
KHM,2008,0.43
KHM,2009,0.453
KHM,2010,1.225
KHM,2011,0.424
KHM,2012,0.875
KHM,2013,1.005
KHM,2014,0.614
KHM,2015,1.081
KHM,2016,1.473
KHM,2017,1.095
KHM,2018,0.787
KHM,2019,1.552
KHM,2020,1.401
KHM,2021,0.912
KHM,2022,0.948
CMR,2000,0.319
CMR,2001,0.198
CMR,2002,0.77
CMR,2003,0.707
CMR,2004,0.779
CMR,2005,1.004
CMR,2006,0.983
CMR,2007,0.626
CMR,2008,0.653
CMR,2009,1.047
CMR,2010,1.181
CMR,2011,0.655
CMR,2012,0.416
CMR,2013,0.707
CMR,2014,0.882
CMR,2015,1.16
CMR,2016,1.213
CMR,2017,1.165
CMR,2018,1.156
CMR,2019,1.45
CMR,2020,1.281
CMR,2021,1.47
CMR,2022,1.044
CAN,2000,1.291
CAN,2001,1.421
CAN,2002,0.54
CAN,2003,1.24
CAN,2004,0.485
CAN,2005,1.282
CAN,2006,2.343
CAN,2007,1.333
CAN,2008,0.851
CAN,2009,0.539
CAN,2010,2.915
CAN,2011,1.438
CAN,2012,2.144
CAN,2013,1.182
CAN,2014,0.288
CAN,2015,1.231
CAN,2016,2.373
CAN,2017,1.48
CAN,2018,0.477
CAN,2019,1.311
CAN,2020,1.128
CAN,2021,2.515
CAN,2022,1.268
CAF,2000,0.683
CAF,2001,0.4
CAF,2002,0.745
CAF,2003,0.845
CAF,2004,0.957
CAF,2005,0.983
CAF,2006,0.967
CAF,2007,0.537
CAF,2008,0.682
CAF,2009,1.119
CAF,2010,1.162
CAF,2011,0.763
CAF,2012,0.491
CAF,2013,0.865
CAF,2014,0.697
CAF,2015,0.983
CAF,2016,1.222
CAF,2017,1.224
CAF,2018,1.145
CAF,2019,1.264
CAF,2020,1.14
CAF,2021,1.268
CAF,2022,1.032
TCD,2000,0.281
TCD,2001,0.291
TCD,2002,0.797
TCD,2003,0.838
TCD,2004,0.831
TCD,2005,1.148
TCD,2006,1.368
TCD,2007,0.605
TCD,2008,0.466
TCD,2009,1.236
TCD,2010,1.181
TCD,2011,0.969
TCD,2012,0.553
TCD,2013,1.013
TCD,2014,0.856
TCD,2015,1.294
TCD,2016,0.939
TCD,2017,1.026
TCD,2018,1.527
TCD,2019,1.306
TCD,2020,1.192
TCD,2021,1.146
TCD,2022,0.738
CHL,2000,-0.179
CHL,2001,0.054
CHL,2002,0.14
CHL,2003,0.312
CHL,2004,0.563
CHL,2005,0.275
CHL,2006,0.575
CHL,2007,-0.219
CHL,2008,0.502
CHL,2009,0.52
CHL,2010,-0.015
CHL,2011,0.206
CHL,2012,0.699
CHL,2013,0.434
CHL,2014,0.488
CHL,2015,0.848
CHL,2016,1.022
CHL,2017,0.873
CHL,2018,0.538
CHL,2019,0.683
CHL,2020,0.947
CHL,2021,0.877
CHL,2022,0.407
HKG,2000,0.298
HKG,2001,0.854
HKG,2002,0.961
HKG,2003,0.99
HKG,2004,0.701
HKG,2005,0.733
HKG,2006,0.897
HKG,2007,1.008
HKG,2008,0.415
HKG,2009,0.91
HKG,2010,0.367
HKG,2011,0.333
HKG,2012,0.53
HKG,2013,0.763
HKG,2014,0.703
HKG,2015,1.175
HKG,2016,0.77
HKG,2017,1.338
HKG,2018,1.183
HKG,2019,1.776
HKG,2020,1.882
HKG,2021,2.017
HKG,2022,1.432
MAC,2000,0.298
MAC,2001,0.854
MAC,2002,0.961
MAC,2003,0.99
MAC,2004,0.701
MAC,2005,0.733
MAC,2006,0.897
MAC,2007,1.008
MAC,2008,0.415
MAC,2009,0.91
MAC,2010,0.367
MAC,2011,0.333
MAC,2012,0.53
MAC,2013,0.763
MAC,2014,0.703
MAC,2015,1.175
MAC,2016,0.77
MAC,2017,1.338
MAC,2018,1.183
MAC,2019,1.776
MAC,2020,1.882
MAC,2021,2.017
MAC,2022,1.432
CHN,2000,0.572
CHN,2001,1.038
CHN,2002,1.131
CHN,2003,0.822
CHN,2004,1.112
CHN,2005,1.048
CHN,2006,1.232
CHN,2007,1.538
CHN,2008,1.09
CHN,2009,1.336
CHN,2010,0.968
CHN,2011,0.792
CHN,2012,0.626
CHN,2013,1.073
CHN,2014,1.062
CHN,2015,1.297
CHN,2016,1.319
CHN,2017,1.573
CHN,2018,1.361
CHN,2019,1.422
CHN,2020,1.62
CHN,2021,1.701
CHN,2022,1.906
COL,2000,-0.009
COL,2001,0.438
COL,2002,0.675
COL,2003,0.693
COL,2004,0.585
COL,2005,0.681
COL,2006,0.531
COL,2007,0.641
COL,2008,0.385
COL,2009,0.856
COL,2010,1.037
COL,2011,0.467
COL,2012,0.668
COL,2013,0.834
COL,2014,0.854
COL,2015,1.249
COL,2016,1.08
COL,2017,0.82
COL,2018,1.137
COL,2019,1.397
COL,2020,1.583
COL,2021,1.073
COL,2022,0.874
COM,2000,0.01
COM,2001,0.159
COM,2002,0.613
COM,2003,0.291
COM,2004,0.213
COM,2005,0.309
COM,2006,0.115
COM,2007,0.448
COM,2008,0.28
COM,2009,0.639
COM,2010,0.88
COM,2011,0.516
COM,2012,0.479
COM,2013,0.415
COM,2014,0.509
COM,2015,0.725
COM,2016,0.7
COM,2017,0.95
COM,2018,0.705
COM,2019,1.296
COM,2020,1.03
COM,2021,0.65
COM,2022,0.521
COD,2000,0.537
COD,2001,0.393
COD,2002,0.872
COD,2003,0.961
COD,2004,0.913
COD,2005,1.014
COD,2006,0.844
COD,2007,0.768
COD,2008,0.664
COD,2009,0.928
COD,2010,1.347
COD,2011,0.844
COD,2012,0.523
COD,2013,1.003
COD,2014,0.976
COD,2015,1.053
COD,2016,1.546
COD,2017,1.32
COD,2018,1.45
COD,2019,1.483
COD,2020,1.692
COD,2021,1.658
COD,2022,1.48
COG,2000,0.404
COG,2001,0.356
COG,2002,0.752
COG,2003,0.852
COG,2004,0.891
COG,2005,0.912
COG,2006,0.808
COG,2007,0.831
COG,2008,0.74
COG,2009,0.819
COG,2010,1.255
COG,2011,0.651
COG,2012,0.667
COG,2013,0.811
COG,2014,0.744
COG,2015,1.075
COG,2016,1.479
COG,2017,1.159
COG,2018,1.245
COG,2019,1.411
COG,2020,1.5
COG,2021,1.355
COG,2022,1.245
COK,2000,0.303
COK,2001,0.402
COK,2002,0.292
COK,2003,0.262
COK,2004,0.257
COK,2005,0.115
COK,2006,0.314
COK,2007,0.344
COK,2008,0.208
COK,2009,0.077
COK,2010,0.604
COK,2011,0.548
COK,2012,0.258
COK,2013,0.455
COK,2014,0.158
COK,2015,-0.43
COK,2016,0.31
COK,2017,0.675
COK,2018,0.238
COK,2019,0.22
COK,2020,0.274
COK,2021,0.568
COK,2022,0.479
CRI,2000,-0.017
CRI,2001,0.608
CRI,2002,0.894
CRI,2003,0.864
CRI,2004,0.796
CRI,2005,0.584
CRI,2006,0.775
CRI,2007,0.75
CRI,2008,0.349
CRI,2009,1.052
CRI,2010,0.989
CRI,2011,0.564
CRI,2012,
CRI,2013,
CRI,2014,
CRI,2015,
CRI,2016,
CRI,2017,
CRI,2018,
CRI,2019,
CRI,2020,
CRI,2021,
CRI,2022,
HRV,2000,1.601
HRV,2001,1.57
HRV,2002,1.233
HRV,2003,1.244
HRV,2004,0.633
HRV,2005,0.253
HRV,2006,0.68
HRV,2007,1.938
HRV,2008,1.416
HRV,2009,1.454
HRV,2010,0.821
HRV,2011,1.22
HRV,2012,1.809
HRV,2013,1.232
HRV,2014,2.004
HRV,2015,1.895
HRV,2016,1.807
HRV,2017,1.523
HRV,2018,2.282
HRV,2019,2.082
HRV,2020,1.989
HRV,2021,1.582
HRV,2022,2.209
CUB,2000,0.508
CUB,2001,0.535
CUB,2002,0.945
CUB,2003,1.089
CUB,2004,0.872
CUB,2005,0.787
CUB,2006,0.914
CUB,2007,0.902
CUB,2008,0.642
CUB,2009,0.93
CUB,2010,0.957
CUB,2011,0.538
CUB,2012,0.611
CUB,2013,0.885
CUB,2014,1.144
CUB,2015,1.439
CUB,2016,1.37
CUB,2017,1.275
CUB,2018,1.177
CUB,2019,1.634
CUB,2020,1.722
CUB,2021,1.304
CUB,2022,1.437
CYP,2000,0.618
CYP,2001,1.161
CYP,2002,0.836
CYP,2003,0.585
CYP,2004,0.614
CYP,2005,0.335
CYP,2006,0.622
CYP,2007,0.814
CYP,2008,1.031
CYP,2009,0.983
CYP,2010,2.03
CYP,2011,0.715
CYP,2012,0.97
CYP,2013,1.238
CYP,2014,1.048
CYP,2015,1.139
CYP,2016,1.493
CYP,2017,0.776
CYP,2018,2.119
CYP,2019,1.524
CYP,2020,1.668
CYP,2021,1.994
CYP,2022,1.237
CZE,2000,1.914
CZE,2001,1.228
CZE,2002,1.531
CZE,2003,1.081
CZE,2004,0.822
CZE,2005,0.752
CZE,2006,0.957
CZE,2007,2.175
CZE,2008,1.654
CZE,2009,1.435
CZE,2010,0.425
CZE,2011,1.054
CZE,2012,1.596
CZE,2013,0.797
CZE,2014,2.527
CZE,2015,2.141
CZE,2016,2.1
CZE,2017,1.616
CZE,2018,2.672
CZE,2019,2.561
CZE,2020,2.361
CZE,2021,1.321
CZE,2022,2.394
DNK,2000,1.719
DNK,2001,1.044
DNK,2002,1.652
DNK,2003,0.707
DNK,2004,1.032
DNK,2005,1.282
DNK,2006,1.349
DNK,2007,2.136
DNK,2008,1.853
DNK,2009,1.32
DNK,2010,-0.199
DNK,2011,0.677
DNK,2012,1.139
DNK,2013,0.397
DNK,2014,2.677
DNK,2015,1.516
DNK,2016,1.852
DNK,2017,1.619
DNK,2018,2.109
DNK,2019,2.18
DNK,2020,2.633
DNK,2021,1.69
DNK,2022,2.219
DJI,2000,0.834
DJI,2001,0.811
DJI,2002,1.363
DJI,2003,1.468
DJI,2004,0.953
DJI,2005,1.206
DJI,2006,0.889
DJI,2007,0.864
DJI,2008,0.302
DJI,2009,1.404
DJI,2010,1.037
DJI,2011,0.902
DJI,2012,
DJI,2013,1.23
DJI,2014,1.093
DJI,2015,1.586
DJI,2016,1.349
DJI,2017,1.811
DJI,2018,1.421
DJI,2019,1.465
DJI,2020,1.533
DJI,2021,1.129
DJI,2022,1.547
DMA,2000,0.282
DMA,2001,0.518
DMA,2002,0.684
DMA,2003,0.782
DMA,2004,0.491
DMA,2005,0.819
DMA,2006,0.718
DMA,2007,0.871
DMA,2008,0.401
DMA,2009,0.539
DMA,2010,1.193
DMA,2011,0.591
DMA,2012,0.703
DMA,2013,0.715
DMA,2014,0.704
DMA,2015,0.918
DMA,2016,1.057
DMA,2017,0.821
DMA,2018,0.561
DMA,2019,0.752
DMA,2020,1.087
DMA,2021,0.727
DMA,2022,0.688
DOM,2000,0.629
DOM,2001,0.909
DOM,2002,0.96
DOM,2003,1.235
DOM,2004,0.806
DOM,2005,0.967
DOM,2006,1.003
DOM,2007,1.26
DOM,2008,0.667
DOM,2009,0.71
DOM,2010,1.222
DOM,2011,0.543
DOM,2012,0.746
DOM,2013,1.208
DOM,2014,1.106
DOM,2015,1.339
DOM,2016,1.016
DOM,2017,1.032
DOM,2018,1.158
DOM,2019,1.266
DOM,2020,1.488
DOM,2021,0.995
DOM,2022,0.982
ECU,2000,0.244
ECU,2001,0.478
ECU,2002,0.777
ECU,2003,0.83
ECU,2004,0.835
ECU,2005,0.837
ECU,2006,0.808
ECU,2007,0.818
ECU,2008,0.702
ECU,2009,0.961
ECU,2010,1.087
ECU,2011,0.783
ECU,2012,0.663
ECU,2013,0.491
ECU,2014,1.011
ECU,2015,1.393
ECU,2016,1.55
ECU,2017,1.155
ECU,2018,0.967
ECU,2019,1.279
ECU,2020,1.509
ECU,2021,1.032
ECU,2022,0.736
EGY,2000,0.054
EGY,2001,0.656
EGY,2002,0.827
EGY,2003,0.73
EGY,2004,0.647
EGY,2005,0.511
EGY,2006,0.726
EGY,2007,0.602
EGY,2008,0.937
EGY,2009,0.921
EGY,2010,2.325
EGY,2011,0.629
EGY,2012,0.939
EGY,2013,1.049
EGY,2014,1.254
EGY,2015,1.211
EGY,2016,1.396
EGY,2017,0.616
EGY,2018,2.049
EGY,2019,1.04
EGY,2020,1.117
EGY,2021,1.727
EGY,2022,0.655
SLV,2000,0.318
SLV,2001,0.572
SLV,2002,0.69
SLV,2003,0.878
SLV,2004,0.639
SLV,2005,0.513
SLV,2006,0.495
SLV,2007,0.43
SLV,2008,0.199
SLV,2009,0.788
SLV,2010,0.496
SLV,2011,0.508
SLV,2012,0.634
SLV,2013,0.619
SLV,2014,0.654
SLV,2015,1.285
SLV,2016,1.26
SLV,2017,0.723
SLV,2018,0.774
SLV,2019,0.972
SLV,2020,1.484
SLV,2021,0.999
SLV,2022,0.658
GNQ,2000,0.362
GNQ,2001,0.375
GNQ,2002,0.631
GNQ,2003,0.851
GNQ,2004,0.742
GNQ,2005,0.773
GNQ,2006,0.656
GNQ,2007,0.815
GNQ,2008,0.685
GNQ,2009,0.824
GNQ,2010,0.979
GNQ,2011,0.677
GNQ,2012,0.583
GNQ,2013,0.769
GNQ,2014,0.856
GNQ,2015,0.849
GNQ,2016,1.462
GNQ,2017,1.308
GNQ,2018,0.839
GNQ,2019,1.602
GNQ,2020,1.479
GNQ,2021,1.195
GNQ,2022,1.247
ERI,2000,0.561
ERI,2001,0.498
ERI,2002,1.077
ERI,2003,0.666
ERI,2004,1.127
ERI,2005,0.798
ERI,2006,0.928
ERI,2007,0.275
ERI,2008,1.097
ERI,2009,1.759
ERI,2010,1.644
ERI,2011,1.478
ERI,2012,1.476
ERI,2013,1.186
ERI,2014,0.985
ERI,2015,1.814
ERI,2016,0.99
ERI,2017,1.309
ERI,2018,0.976
ERI,2019,0.907
ERI,2020,
ERI,2021,1.49
ERI,2022,0.53
EST,2000,2.066
EST,2001,1.838
EST,2002,1.483
EST,2003,0.234
EST,2004,1.184
EST,2005,1.597
EST,2006,1.262
EST,2007,2.269
EST,2008,2.607
EST,2009,1.622
EST,2010,0.554
EST,2011,1.299
EST,2012,1.47
EST,2013,1.183
EST,2014,2.447
EST,2015,2.377
EST,2016,1.936
EST,2017,1.502
EST,2018,2.413
EST,2019,2.218
EST,2020,3.625
EST,2021,2.167
EST,2022,1.961
SWZ,2000,-0.061
SWZ,2001,0.517
SWZ,2002,0.601
SWZ,2003,0.715
SWZ,2004,0.525
SWZ,2005,1.153
SWZ,2006,0.365
SWZ,2007,1.133
SWZ,2008,0.64
SWZ,2009,0.383
SWZ,2010,1.287
SWZ,2011,0.897
SWZ,2012,0.696
SWZ,2013,0.566
SWZ,2014,0.781
SWZ,2015,1.235
SWZ,2016,1.216
SWZ,2017,0.688
SWZ,2018,1.064
SWZ,2019,1.623
SWZ,2020,0.77
SWZ,2021,0.669
SWZ,2022,1.371
ETH,2000,0.565
ETH,2001,0.729
ETH,2002,1.031
ETH,2003,1.092
ETH,2004,0.834
ETH,2005,1.092
ETH,2006,1.003
ETH,2007,0.88
ETH,2008,0.832
ETH,2009,1.339
ETH,2010,1.276
ETH,2011,1.174
ETH,2012,1.104
ETH,2013,1.229
ETH,2014,1.187
ETH,2015,1.442
ETH,2016,1.532
ETH,2017,1.496
ETH,2018,0.986
ETH,2019,1.32
ETH,2020,1.343
ETH,2021,1.516
ETH,2022,1.455
FLK,2000,
FLK,2001,
FLK,2002,
FLK,2003,
FLK,2004,
FLK,2005,
FLK,2006,
FLK,2007,
FLK,2008,
FLK,2009,
FLK,2010,
FLK,2011,
FLK,2012,
FLK,2013,
FLK,2014,
FLK,2015,
FLK,2016,
FLK,2017,
FLK,2018,
FLK,2019,
FLK,2020,
FLK,2021,
FLK,2022,
FRO,2000,0.188
FRO,2001,0.461
FRO,2002,1.034
FRO,2003,1.604
FRO,2004,1.019
FRO,2005,0.487
FRO,2006,1.136
FRO,2007,0.952
FRO,2008,0.89
FRO,2009,1.441
FRO,2010,0.26
FRO,2011,1.055
FRO,2012,0.359
FRO,2013,0.597
FRO,2014,1.764
FRO,2015,0.813
FRO,2016,0.803
FRO,2017,1.49
FRO,2018,0.831
FRO,2019,0.877
FRO,2020,0.839
FRO,2021,1.012
FRO,2022,1.396
FJI,2000,0.706
FJI,2001,0.728
FJI,2002,0.72
FJI,2003,0.581
FJI,2004,0.526
FJI,2005,0.698
FJI,2006,0.636
FJI,2007,1.032
FJI,2008,0.584
FJI,2009,0.409
FJI,2010,0.978
FJI,2011,0.898
FJI,2012,0.589
FJI,2013,0.916
FJI,2014,0.646
FJI,2015,0.517
FJI,2016,0.97
FJI,2017,1.127
FJI,2018,0.953
FJI,2019,1.065
FJI,2020,1.237
FJI,2021,1.075
FJI,2022,1.346
FIN,2000,2.024
FIN,2001,1.365
FIN,2002,1.171
FIN,2003,0.713
FIN,2004,1.233
FIN,2005,2.201
FIN,2006,1.204
FIN,2007,1.946
FIN,2008,2.13
FIN,2009,1.695
FIN,2010,0.242
FIN,2011,1.354
FIN,2012,1.54
FIN,2013,1.424
FIN,2014,2.591
FIN,2015,2.613
FIN,2016,2.151
FIN,2017,1.487
FIN,2018,2.157
FIN,2019,1.452
FIN,2020,3.317
FIN,2021,1.938
FIN,2022,2.062
FRA,2000,1.175
FRA,2001,1.391
FRA,2002,1.054
FRA,2003,1.8
FRA,2004,0.969
FRA,2005,1.02
FRA,2006,1.306
FRA,2007,1.407
FRA,2008,0.992
FRA,2009,1.212
FRA,2010,0.395
FRA,2011,1.534
FRA,2012,1.22
FRA,2013,0.714
FRA,2014,2.049
FRA,2015,1.612
FRA,2016,1.794
FRA,2017,1.796
FRA,2018,2.06
FRA,2019,2.023
FRA,2020,2.551
FRA,2021,1.337
FRA,2022,2.929
PYF,2000,0.329
PYF,2001,0.502
PYF,2002,0.796
PYF,2003,0.703
PYF,2004,0.531
PYF,2005,0.672
PYF,2006,0.841
PYF,2007,0.85
PYF,2008,0.357
PYF,2009,0.8
PYF,2010,0.76
PYF,2011,0.214
PYF,2012,0.722
PYF,2013,0.536
PYF,2014,0.616
PYF,2015,0.681
PYF,2016,1.127
PYF,2017,0.901
PYF,2018,0.631
PYF,2019,0.857
PYF,2020,0.829
PYF,2021,0.791
PYF,2022,0.359
GAB,2000,0.307
GAB,2001,0.286
GAB,2002,0.662
GAB,2003,0.893
GAB,2004,0.831
GAB,2005,0.808
GAB,2006,0.737
GAB,2007,0.926
GAB,2008,0.782
GAB,2009,0.824
GAB,2010,1.08
GAB,2011,0.657
GAB,2012,0.615
GAB,2013,0.794
GAB,2014,0.805
GAB,2015,1.024
GAB,2016,1.505
GAB,2017,1.353
GAB,2018,1.026
GAB,2019,1.534
GAB,2020,1.377
GAB,2021,1.063
GAB,2022,0.994
GMB,2000,0.958
GMB,2001,1.316
GMB,2002,1.38
GMB,2003,1.103
GMB,2004,1.188
GMB,2005,1.498
GMB,2006,1.221
GMB,2007,1.09
GMB,2008,1.376
GMB,2009,0.688
GMB,2010,1.324
GMB,2011,1.06
GMB,2012,0.89
GMB,2013,1.001
GMB,2014,1.188
GMB,2015,1.2
GMB,2016,1.635
GMB,2017,1.741
GMB,2018,1.028
GMB,2019,1.349
GMB,2020,1.77
GMB,2021,1.675
GMB,2022,1.323
GEO,2000,0.967
GEO,2001,1.286
GEO,2002,1.06
GEO,2003,-0.239
GEO,2004,0.923
GEO,2005,0.542
GEO,2006,1.277
GEO,2007,0.908
GEO,2008,0.699
GEO,2009,0.714
GEO,2010,2.486
GEO,2011,0.432
GEO,2012,1.22
GEO,2013,1.401
GEO,2014,1.277
GEO,2015,1.78
GEO,2016,1.365
GEO,2017,0.809
GEO,2018,2.51
GEO,2019,1.753
GEO,2020,2.006
GEO,2021,1.65
GEO,2022,1.51
DEU,2000,1.764
DEU,2001,1.292
DEU,2002,1.491
DEU,2003,1.258
DEU,2004,0.998
DEU,2005,1.025
DEU,2006,1.254
DEU,2007,2.088
DEU,2008,1.542
DEU,2009,1.282
DEU,2010,0.196
DEU,2011,1.121
DEU,2012,1.349
DEU,2013,0.583
DEU,2014,2.519
DEU,2015,1.674
DEU,2016,1.988
DEU,2017,1.653
DEU,2018,2.393
DEU,2019,2.332
DEU,2020,2.516
DEU,2021,1.325
DEU,2022,2.596
GHA,2000,0.43
GHA,2001,0.565
GHA,2002,0.825
GHA,2003,0.988
GHA,2004,0.739
GHA,2005,0.967
GHA,2006,0.991
GHA,2007,0.946
GHA,2008,0.698
GHA,2009,0.884
GHA,2010,1.276
GHA,2011,0.883
GHA,2012,0.614
GHA,2013,0.841
GHA,2014,0.887
GHA,2015,1.132
GHA,2016,1.217
GHA,2017,1.292
GHA,2018,1.081
GHA,2019,1.32
GHA,2020,1.284
GHA,2021,1.494
GHA,2022,0.996
GRC,2000,0.679
GRC,2001,1.314
GRC,2002,0.435
GRC,2003,0.385
GRC,2004,0.337
GRC,2005,0.213
GRC,2006,0.254
GRC,2007,1.08
GRC,2008,0.881
GRC,2009,0.771
GRC,2010,1.584
GRC,2011,0.394
GRC,2012,1.235
GRC,2013,1.317
GRC,2014,1.06
GRC,2015,0.904
GRC,2016,1.561
GRC,2017,0.642
GRC,2018,1.905
GRC,2019,1.381
GRC,2020,1.307
GRC,2021,1.655
GRC,2022,1.04
GRL,2000,0.839
GRL,2001,0.831
GRL,2002,1.186
GRL,2003,2.328
GRL,2004,1.469
GRL,2005,1.878
GRL,2006,1.717
GRL,2007,1.363
GRL,2008,0.959
GRL,2009,0.851
GRL,2010,3.058
GRL,2011,1.684
GRL,2012,1.625
GRL,2013,1.381
GRL,2014,1.447
GRL,2015,0.205
GRL,2016,2.381
GRL,2017,1.21
GRL,2018,0.934
GRL,2019,2.206
GRL,2020,1.274
GRL,2021,2.482
GRL,2022,1.413
GRD,2000,0.462
GRD,2001,0.691
GRD,2002,0.627
GRD,2003,0.905
GRD,2004,0.433
GRD,2005,1.004
GRD,2006,0.739
GRD,2007,0.678
GRD,2008,0.502
GRD,2009,0.507
GRD,2010,1.201
GRD,2011,0.677
GRD,2012,0.584
GRD,2013,0.776
GRD,2014,0.641
GRD,2015,0.837
GRD,2016,0.945
GRD,2017,0.92
GRD,2018,0.543
GRD,2019,1.169
GRD,2020,1.235
GRD,2021,0.767
GRD,2022,0.698
GLP,2000,0.279
GLP,2001,0.557
GLP,2002,0.695
GLP,2003,0.816
GLP,2004,0.507
GLP,2005,0.827
GLP,2006,0.698
GLP,2007,0.921
GLP,2008,0.405
GLP,2009,0.547
GLP,2010,1.137
GLP,2011,0.539
GLP,2012,0.671
GLP,2013,0.75
GLP,2014,0.763
GLP,2015,0.998
GLP,2016,1.095
GLP,2017,0.907
GLP,2018,0.62
GLP,2019,0.803
GLP,2020,1.16
GLP,2021,0.826
GLP,2022,0.773
GTM,2000,0.31
GTM,2001,0.344
GTM,2002,0.556
GTM,2003,0.99
GTM,2004,0.611
GTM,2005,0.801
GTM,2006,0.612
GTM,2007,0.597
GTM,2008,0.213
GTM,2009,0.692
GTM,2010,0.685
GTM,2011,0.429
GTM,2012,0.52
GTM,2013,0.624
GTM,2014,0.638
GTM,2015,1.143
GTM,2016,1.425
GTM,2017,1.069
GTM,2018,0.884
GTM,2019,1.418
GTM,2020,1.728
GTM,2021,1.406
GTM,2022,0.916
GIN,2000,0.651
GIN,2001,0.792
GIN,2002,1.13
GIN,2003,0.979
GIN,2004,1.04
GIN,2005,1.19
GIN,2006,1.117
GIN,2007,0.974
GIN,2008,1.113
GIN,2009,0.931
GIN,2010,1.321
GIN,2011,1.095
GIN,2012,0.556
GIN,2013,1.068
GIN,2014,0.857
GIN,2015,1.155
GIN,2016,1.167
GIN,2017,1.522
GIN,2018,1.188
GIN,2019,1.408
GIN,2020,1.26
GIN,2021,1.559
GIN,2022,1.195
GNB,2000,0.996
GNB,2001,1.244
GNB,2002,1.281
GNB,2003,1.04
GNB,2004,1.171
GNB,2005,1.401
GNB,2006,1.186
GNB,2007,1.034
GNB,2008,1.362
GNB,2009,0.811
GNB,2010,1.328
GNB,2011,1.092
GNB,2012,0.795
GNB,2013,1.055
GNB,2014,1.168
GNB,2015,1.192
GNB,2016,1.572
GNB,2017,1.674
GNB,2018,1.125
GNB,2019,1.419
GNB,2020,1.663
GNB,2021,1.66
GNB,2022,1.295
GUY,2000,0.658
GUY,2001,0.825
GUY,2002,1.074
GUY,2003,0.948
GUY,2004,0.942
GUY,2005,1.321
GUY,2006,1.003
GUY,2007,1.025
GUY,2008,0.558
GUY,2009,1.162
GUY,2010,1.115
GUY,2011,0.968
GUY,2012,0.958
GUY,2013,0.894
GUY,2014,1.071
GUY,2015,1.352
GUY,2016,1.506
GUY,2017,1.149
GUY,2018,1.137
GUY,2019,1.178
GUY,2020,1.4
GUY,2021,0.875
GUY,2022,1.066
HTI,2000,0.858
HTI,2001,0.758
HTI,2002,0.953
HTI,2003,1.24
HTI,2004,0.888
HTI,2005,1.042
HTI,2006,0.935
HTI,2007,1.151
HTI,2008,0.624
HTI,2009,0.806
HTI,2010,1.206
HTI,2011,0.489
HTI,2012,0.759
HTI,2013,1.133
HTI,2014,1.306
HTI,2015,1.384
HTI,2016,1.164
HTI,2017,1.061
HTI,2018,1.277
HTI,2019,1.507
HTI,2020,1.537
HTI,2021,0.883
HTI,2022,1.095
HND,2000,0.128
HND,2001,0.396
HND,2002,0.776
HND,2003,0.672
HND,2004,0.491
HND,2005,0.956
HND,2006,0.621
HND,2007,0.769
HND,2008,0.566
HND,2009,0.811
HND,2010,0.806
HND,2011,0.73
HND,2012,0.639
HND,2013,0.915
HND,2014,0.666
HND,2015,1.126
HND,2016,1.368
HND,2017,1.034
HND,2018,0.804
HND,2019,1.233
HND,2020,1.813
HND,2021,1.098
HND,2022,0.723
HUN,2000,1.733
HUN,2001,1.391
HUN,2002,1.423
HUN,2003,0.71
HUN,2004,0.543
HUN,2005,0.236
HUN,2006,0.699
HUN,2007,2.142
HUN,2008,1.495
HUN,2009,1.613
HUN,2010,0.806
HUN,2011,0.891
HUN,2012,1.727
HUN,2013,1.159
HUN,2014,2.229
HUN,2015,2.067
HUN,2016,1.89
HUN,2017,1.336
HUN,2018,2.524
HUN,2019,2.353
HUN,2020,1.99
HUN,2021,1.43
HUN,2022,2.142
ISL,2000,0.274
ISL,2001,0.584
ISL,2002,0.784
ISL,2003,1.784
ISL,2004,1.235
ISL,2005,0.448
ISL,2006,1.032
ISL,2007,1.101
ISL,2008,0.753
ISL,2009,0.907
ISL,2010,1.147
ISL,2011,0.959
ISL,2012,0.667
ISL,2013,0.687
ISL,2014,1.66
ISL,2015,0.419
ISL,2016,1.411
ISL,2017,1.694
ISL,2018,0.82
ISL,2019,1.339
ISL,2020,0.786
ISL,2021,0.921
ISL,2022,1.201
IND,2000,0.35
IND,2001,0.473
IND,2002,0.827
IND,2003,0.665
IND,2004,0.545
IND,2005,0.567
IND,2006,0.638
IND,2007,0.607
IND,2008,0.263
IND,2009,1.134
IND,2010,1.129
IND,2011,0.365
IND,2012,0.516
IND,2013,0.451
IND,2014,0.53
IND,2015,0.711
IND,2016,1.088
IND,2017,0.966
IND,2018,0.874
IND,2019,0.802
IND,2020,0.52
IND,2021,0.733
IND,2022,0.79
IDN,2000,0.275
IDN,2001,0.53
IDN,2002,0.607
IDN,2003,0.594
IDN,2004,0.54
IDN,2005,0.71
IDN,2006,0.422
IDN,2007,0.464
IDN,2008,0.223
IDN,2009,0.563
IDN,2010,0.766
IDN,2011,0.306
IDN,2012,0.459
IDN,2013,0.799
IDN,2014,0.812
IDN,2015,0.841
IDN,2016,1.488
IDN,2017,1.055
IDN,2018,0.973
IDN,2019,1.118
IDN,2020,1.322
IDN,2021,1.11
IDN,2022,1.085
IRN,2000,1.215
IRN,2001,1.525
IRN,2002,1.716
IRN,2003,0.943
IRN,2004,1.528
IRN,2005,0.828
IRN,2006,1.847
IRN,2007,0.874
IRN,2008,1.136
IRN,2009,1.177
IRN,2010,2.214
IRN,2011,1.345
IRN,2012,1.09
IRN,2013,1.642
IRN,2014,1.079
IRN,2015,1.856
IRN,2016,1.669
IRN,2017,1.737
IRN,2018,2.044
IRN,2019,1.597
IRN,2020,1.346
IRN,2021,2.176
IRN,2022,2.37
IRQ,2000,0.995
IRQ,2001,1.289
IRQ,2002,1.168
IRQ,2003,0.96
IRQ,2004,1.084
IRQ,2005,0.526
IRQ,2006,1.621
IRQ,2007,0.935
IRQ,2008,1.155
IRQ,2009,0.881
IRQ,2010,2.712
IRQ,2011,0.91
IRQ,2012,1.293
IRQ,2013,1.263
IRQ,2014,1.175
IRQ,2015,1.94
IRQ,2016,1.672
IRQ,2017,1.572
IRQ,2018,2.406
IRQ,2019,1.626
IRQ,2020,1.857
IRQ,2021,2.644
IRQ,2022,2.147
IRL,2000,0.577
IRL,2001,0.551
IRL,2002,0.83
IRL,2003,1.024
IRL,2004,0.9
IRL,2005,1.175
IRL,2006,1.159
IRL,2007,1.345
IRL,2008,0.836
IRL,2009,0.804
IRL,2010,-0.104
IRL,2011,0.559
IRL,2012,0.705
IRL,2013,0.568
IRL,2014,1.357
IRL,2015,0.449
IRL,2016,1.04
IRL,2017,1.264
IRL,2018,0.783
IRL,2019,1.201
IRL,2020,1.075
IRL,2021,1.019
IRL,2022,1.764
IMN,2000,0.636
IMN,2001,0.516
IMN,2002,0.891
IMN,2003,1.049
IMN,2004,0.952
IMN,2005,1.165
IMN,2006,1.229
IMN,2007,1.321
IMN,2008,0.829
IMN,2009,0.874
IMN,2010,-0.111
IMN,2011,0.681
IMN,2012,0.61
IMN,2013,0.428
IMN,2014,1.515
IMN,2015,0.441
IMN,2016,1.118
IMN,2017,1.367
IMN,2018,0.881
IMN,2019,1.175
IMN,2020,1.199
IMN,2021,1.02
IMN,2022,1.84
ISR,2000,0.25
ISR,2001,0.855
ISR,2002,0.729
ISR,2003,0.559
ISR,2004,0.556
ISR,2005,0.199
ISR,2006,0.593
ISR,2007,0.521
ISR,2008,0.724
ISR,2009,0.824
ISR,2010,2.321
ISR,2011,0.578
ISR,2012,1.035
ISR,2013,1.108
ISR,2014,0.871
ISR,2015,1.331
ISR,2016,1.607
ISR,2017,0.735
ISR,2018,2.003
ISR,2019,1.212
ISR,2020,1.451
ISR,2021,1.786
ISR,2022,1.079
ITA,2000,1.243
ITA,2001,1.533
ITA,2002,0.913
ITA,2003,1.526
ITA,2004,0.746
ITA,2005,0.563
ITA,2006,0.84
ITA,2007,1.552
ITA,2008,1.133
ITA,2009,1.234
ITA,2010,0.755
ITA,2011,1.253
ITA,2012,1.543
ITA,2013,1.006
ITA,2014,1.638
ITA,2015,1.704
ITA,2016,1.716
ITA,2017,1.606
ITA,2018,1.834
ITA,2019,1.698
ITA,2020,1.902
ITA,2021,1.569
ITA,2022,2.135
JAM,2000,0.408
JAM,2001,0.661
JAM,2002,0.943
JAM,2003,1.119
JAM,2004,0.95
JAM,2005,1.037
JAM,2006,1.029
JAM,2007,0.939
JAM,2008,0.551
JAM,2009,0.819
JAM,2010,1.183
JAM,2011,0.578
JAM,2012,0.719
JAM,2013,0.988
JAM,2014,1.212
JAM,2015,1.401
JAM,2016,1.395
JAM,2017,1.076
JAM,2018,1.249
JAM,2019,1.524
JAM,2020,1.623
JAM,2021,1.267
JAM,2022,1.14
JPN,2000,0.636
JPN,2001,0.418
JPN,2002,0.63
JPN,2003,0.326
JPN,2004,1.116
JPN,2005,0.737
JPN,2006,0.39
JPN,2007,1.004
JPN,2008,0.671
JPN,2009,0.801
JPN,2010,0.922
JPN,2011,0.596
JPN,2012,0.395
JPN,2013,0.628
JPN,2014,0.56
JPN,2015,0.833
JPN,2016,1.323
JPN,2017,0.796
JPN,2018,0.926
JPN,2019,1.272
JPN,2020,1.437
JPN,2021,1.27
JPN,2022,1.335
JOR,2000,0.375
JOR,2001,0.983
JOR,2002,0.666
JOR,2003,0.498
JOR,2004,0.62
JOR,2005,0.103
JOR,2006,0.752
JOR,2007,0.516
JOR,2008,0.732
JOR,2009,0.549
JOR,2010,2.625
JOR,2011,0.506
JOR,2012,1.067
JOR,2013,1.002
JOR,2014,0.787
JOR,2015,1.429
JOR,2016,1.641
JOR,2017,0.92
JOR,2018,1.972
JOR,2019,1.281
JOR,2020,1.617
JOR,2021,1.923
JOR,2022,1.358
KAZ,2000,1.502
KAZ,2001,1.655
KAZ,2002,2.255
KAZ,2003,0.13
KAZ,2004,2.15
KAZ,2005,1.551
KAZ,2006,1.442
KAZ,2007,2.197
KAZ,2008,1.549
KAZ,2009,1.195
KAZ,2010,1.306
KAZ,2011,0.746
KAZ,2012,1.151
KAZ,2013,1.621
KAZ,2014,0.673
KAZ,2015,1.609
KAZ,2016,2.24
KAZ,2017,1.757
KAZ,2018,0.641
KAZ,2019,1.487
KAZ,2020,2.853
KAZ,2021,1.465
KAZ,2022,2.712
KEN,2000,0.521
KEN,2001,0.602
KEN,2002,0.734
KEN,2003,0.879
KEN,2004,0.648
KEN,2005,0.762
KEN,2006,0.89
KEN,2007,0.634
KEN,2008,0.824
KEN,2009,1.293
KEN,2010,1.106
KEN,2011,1.137
KEN,2012,1.026
KEN,2013,0.93
KEN,2014,1.024
KEN,2015,1.164
KEN,2016,1.237
KEN,2017,1.5
KEN,2018,0.675
KEN,2019,1.624
KEN,2020,1.344
KEN,2021,1.421
KEN,2022,1.28
KIR,2000,0.125
KIR,2001,0.406
KIR,2002,0.508
KIR,2003,0.591
KIR,2004,
KIR,2005,
KIR,2006,0.571
KIR,2007,0.547
KIR,2008,0.25
KIR,2009,0.603
KIR,2010,0.312
KIR,2011,0.328
KIR,2012,0.428
KIR,2013,0.628
KIR,2014,0.768
KIR,2015,0.902
KIR,2016,1.229
KIR,2017,1.041
KIR,2018,0.947
KIR,2019,0.949
KIR,2020,1.425
KIR,2021,
KIR,2022,
PRK,2000,0.594
PRK,2001,0.859
PRK,2002,0.844
PRK,2003,0.926
PRK,2004,1.576
PRK,2005,0.847
PRK,2006,0.694
PRK,2007,1.605
PRK,2008,1.525
PRK,2009,1.064
PRK,2010,0.384
PRK,2011,0.523
PRK,2012,0.419
PRK,2013,0.304
PRK,2014,1.518
PRK,2015,1.217
PRK,2016,1.419
PRK,2017,1.593
PRK,2018,0.863
PRK,2019,1.826
PRK,2020,1.864
PRK,2021,1.857
PRK,2022,1.61
KOR,2000,0.414
KOR,2001,0.893
KOR,2002,0.65
KOR,2003,0.618
KOR,2004,1.185
KOR,2005,0.918
KOR,2006,0.478
KOR,2007,1.237
KOR,2008,0.946
KOR,2009,0.95
KOR,2010,0.498
KOR,2011,0.31
KOR,2012,0.402
KOR,2013,0.519
KOR,2014,0.987
KOR,2015,0.944
KOR,2016,1.637
KOR,2017,1.459
KOR,2018,0.966
KOR,2019,1.485
KOR,2020,1.551
KOR,2021,1.762
KOR,2022,1.659
KWT,2000,1.28
KWT,2001,1.27
KWT,2002,1.604
KWT,2003,1.564
KWT,2004,1.519
KWT,2005,0.724
KWT,2006,1.911
KWT,2007,1.085
KWT,2008,1.434
KWT,2009,1.323
KWT,2010,2.602
KWT,2011,1.373
KWT,2012,1.562
KWT,2013,1.349
KWT,2014,1.451
KWT,2015,2.104
KWT,2016,1.695
KWT,2017,1.962
KWT,2018,2.358
KWT,2019,1.895
KWT,2020,1.975
KWT,2021,2.676
KWT,2022,2.275
KGZ,2000,1.131
KGZ,2001,1.503
KGZ,2002,1.481
KGZ,2003,0.494
KGZ,2004,1.569
KGZ,2005,1.21
KGZ,2006,1.677
KGZ,2007,1.743
KGZ,2008,1.035
KGZ,2009,1.027
KGZ,2010,1.402
KGZ,2011,1.27
KGZ,2012,0.353
KGZ,2013,1.428
KGZ,2014,0.541
KGZ,2015,1.546
KGZ,2016,1.898
KGZ,2017,1.478
KGZ,2018,1.28
KGZ,2019,1.679
KGZ,2020,1.427
KGZ,2021,1.417
KGZ,2022,2.619
LAO,2000,0.094
LAO,2001,0.766
LAO,2002,0.664
LAO,2003,1.037
LAO,2004,0.48
LAO,2005,0.961
LAO,2006,0.929
LAO,2007,0.649
LAO,2008,0.334
LAO,2009,0.696
LAO,2010,1.431
LAO,2011,0.214
LAO,2012,1.048
LAO,2013,1.22
LAO,2014,0.837
LAO,2015,1.497
LAO,2016,1.519
LAO,2017,1.243
LAO,2018,0.955
LAO,2019,2.2
LAO,2020,1.719
LAO,2021,1.287
LAO,2022,1.112
LVA,2000,2.022
LVA,2001,1.83
LVA,2002,1.73
LVA,2003,0.253
LVA,2004,1.027
LVA,2005,1.355
LVA,2006,1.087
LVA,2007,2.206
LVA,2008,2.403
LVA,2009,1.524
LVA,2010,0.704
LVA,2011,1.151
LVA,2012,1.408
LVA,2013,1.082
LVA,2014,2.33
LVA,2015,2.166
LVA,2016,1.946
LVA,2017,1.503
LVA,2018,2.36
LVA,2019,2.462
LVA,2020,3.55
LVA,2021,1.987
LVA,2022,1.953
LBN,2000,0.544
LBN,2001,1.146
LBN,2002,0.833
LBN,2003,0.626
LBN,2004,0.647
LBN,2005,0.28
LBN,2006,0.72
LBN,2007,0.728
LBN,2008,0.989
LBN,2009,0.844
LBN,2010,2.353
LBN,2011,0.663
LBN,2012,1.045
LBN,2013,1.26
LBN,2014,1.051
LBN,2015,1.383
LBN,2016,1.629
LBN,2017,1.023
LBN,2018,2.154
LBN,2019,1.412
LBN,2020,1.623
LBN,2021,2.039
LBN,2022,1.29
LSO,2000,0.326
LSO,2001,0.594
LSO,2002,0.621
LSO,2003,0.775
LSO,2004,0.829
LSO,2005,0.891
LSO,2006,0.358
LSO,2007,0.664
LSO,2008,0.355
LSO,2009,0.417
LSO,2010,1.025
LSO,2011,0.331
LSO,2012,0.66
LSO,2013,0.867
LSO,2014,1.091
LSO,2015,1.529
LSO,2016,2.015
LSO,2017,1.215
LSO,2018,1.101
LSO,2019,1.668
LSO,2020,0.791
LSO,2021,1.204
LSO,2022,1.372
LBR,2000,0.56
LBR,2001,0.513
LBR,2002,0.875
LBR,2003,0.938
LBR,2004,0.911
LBR,2005,1.108
LBR,2006,1.119
LBR,2007,1.041
LBR,2008,1.131
LBR,2009,1.365
LBR,2010,1.42
LBR,2011,1.102
LBR,2012,0.869
LBR,2013,0.983
LBR,2014,0.934
LBR,2015,1.288
LBR,2016,1.412
LBR,2017,1.539
LBR,2018,1.306
LBR,2019,1.494
LBR,2020,1.593
LBR,2021,1.474
LBR,2022,1.556
LBY,2000,0.306
LBY,2001,1.291
LBY,2002,0.905
LBY,2003,0.95
LBY,2004,0.745
LBY,2005,0.717
LBY,2006,0.81
LBY,2007,0.86
LBY,2008,0.879
LBY,2009,0.764
LBY,2010,2.074
LBY,2011,0.819
LBY,2012,0.77
LBY,2013,1.24
LBY,2014,1.237
LBY,2015,0.711
LBY,2016,1.587
LBY,2017,0.525
LBY,2018,1.737
LBY,2019,0.92
LBY,2020,1.174
LBY,2021,1.924
LBY,2022,0.559
LIE,2000,1.464
LIE,2001,1.44
LIE,2002,1.382
LIE,2003,1.67
LIE,2004,0.899
LIE,2005,0.663
LIE,2006,0.955
LIE,2007,1.931
LIE,2008,1.385
LIE,2009,1.405
LIE,2010,0.48
LIE,2011,1.657
LIE,2012,1.611
LIE,2013,0.927
LIE,2014,2.232
LIE,2015,2.046
LIE,2016,2.028
LIE,2017,1.795
LIE,2018,2.26
LIE,2019,2.079
LIE,2020,2.367
LIE,2021,1.232
LIE,2022,2.534
LTU,2000,2.026
LTU,2001,1.804
LTU,2002,1.917
LTU,2003,0.182
LTU,2004,0.883
LTU,2005,1.206
LTU,2006,0.923
LTU,2007,2.196
LTU,2008,2.221
LTU,2009,1.396
LTU,2010,0.766
LTU,2011,0.957
LTU,2012,1.37
LTU,2013,0.967
LTU,2014,2.238
LTU,2015,2.095
LTU,2016,1.944
LTU,2017,1.542
LTU,2018,2.427
LTU,2019,2.642
LTU,2020,3.445
LTU,2021,1.792
LTU,2022,1.96
LUX,2000,1.651
LUX,2001,1.433
LUX,2002,1.393
LUX,2003,1.692
LUX,2004,1.013
LUX,2005,1.129
LUX,2006,1.357
LUX,2007,1.94
LUX,2008,1.279
LUX,2009,1.188
LUX,2010,0.325
LUX,2011,1.343
LUX,2012,1.262
LUX,2013,0.569
LUX,2014,2.475
LUX,2015,1.528
LUX,2016,1.877
LUX,2017,1.647
LUX,2018,2.468
LUX,2019,2.155
LUX,2020,2.632
LUX,2021,1.158
LUX,2022,2.926
MDG,2000,0.451
MDG,2001,0.64
MDG,2002,0.58
MDG,2003,0.682
MDG,2004,0.505
MDG,2005,0.599
MDG,2006,0.838
MDG,2007,0.735
MDG,2008,0.559
MDG,2009,0.9
MDG,2010,1.188
MDG,2011,1.132
MDG,2012,0.88
MDG,2013,0.749
MDG,2014,0.777
MDG,2015,1.134
MDG,2016,1.147
MDG,2017,1.379
MDG,2018,0.983
MDG,2019,1.438
MDG,2020,1.137
MDG,2021,1.194
MDG,2022,0.86
MWI,2000,0.797
MWI,2001,0.592
MWI,2002,0.963
MWI,2003,0.982
MWI,2004,0.879
MWI,2005,1.366
MWI,2006,0.997
MWI,2007,0.904
MWI,2008,0.512
MWI,2009,0.648
MWI,2010,1.03
MWI,2011,0.771
MWI,2012,0.925
MWI,2013,0.676
MWI,2014,1.129
MWI,2015,1.141
MWI,2016,1.361
MWI,2017,1.016
MWI,2018,1.022
MWI,2019,1.22
MWI,2020,1.306
MWI,2021,0.762
MWI,2022,0.816
MYS,2000,0.449
MYS,2001,0.689
MYS,2002,0.785
MYS,2003,0.781
MYS,2004,0.755
MYS,2005,0.938
MYS,2006,0.707
MYS,2007,0.763
MYS,2008,0.628
MYS,2009,0.865
MYS,2010,1.111
MYS,2011,0.754
MYS,2012,0.901
MYS,2013,1.121
MYS,2014,1.199
MYS,2015,1.372
MYS,2016,1.836
MYS,2017,1.419
MYS,2018,1.443
MYS,2019,1.7
MYS,2020,1.688
MYS,2021,1.473
MYS,2022,1.367
MDV,2000,0.255
MDV,2001,0.46
MDV,2002,0.618
MDV,2003,0.518
MDV,2004,0.387
MDV,2005,0.775
MDV,2006,0.317
MDV,2007,0.363
MDV,2008,0.169
MDV,2009,0.53
MDV,2010,0.683
MDV,2011,0.561
MDV,2012,0.573
MDV,2013,0.662
MDV,2014,0.766
MDV,2015,0.982
MDV,2016,1.555
MDV,2017,1.126
MDV,2018,0.84
MDV,2019,1.131
MDV,2020,1.17
MDV,2021,1.122
MDV,2022,0.784
MLI,2000,0.647
MLI,2001,0.583
MLI,2002,1.246
MLI,2003,1.238
MLI,2004,1.214
MLI,2005,1.396
MLI,2006,1.097
MLI,2007,0.933
MLI,2008,0.548
MLI,2009,0.96
MLI,2010,1.63
MLI,2011,1.207
MLI,2012,0.426
MLI,2013,0.969
MLI,2014,0.787
MLI,2015,1.017
MLI,2016,1.089
MLI,2017,1.347
MLI,2018,1.04
MLI,2019,1.089
MLI,2020,1.01
MLI,2021,1.687
MLI,2022,0.887
MLT,2000,1.055
MLT,2001,1.669
MLT,2002,0.942
MLT,2003,1.401
MLT,2004,0.699
MLT,2005,0.67
MLT,2006,0.996
MLT,2007,1.398
MLT,2008,1.271
MLT,2009,1.08
MLT,2010,1.243
MLT,2011,1.013
MLT,2012,1.44
MLT,2013,1.343
MLT,2014,1.507
MLT,2015,1.403
MLT,2016,1.748
MLT,2017,1.224
MLT,2018,1.441
MLT,2019,1.29
MLT,2020,1.643
MLT,2021,2.123
MLT,2022,1.955
MHL,2000,-0.159
MHL,2001,0.165
MHL,2002,0.324
MHL,2003,0.29
MHL,2004,0.435
MHL,2005,0.364
MHL,2006,0.275
MHL,2007,0.219
MHL,2008,-0.029
MHL,2009,0.174
MHL,2010,0.345
MHL,2011,0.155
MHL,2012,0.539
MHL,2013,0.544
MHL,2014,0.564
MHL,2015,0.464
MHL,2016,0.783
MHL,2017,0.569
MHL,2018,0.354
MHL,2019,0.562
MHL,2020,0.672
MHL,2021,0.384
MHL,2022,0.007
MTQ,2000,0.262
MTQ,2001,0.506
MTQ,2002,0.681
MTQ,2003,0.802
MTQ,2004,0.515
MTQ,2005,0.834
MTQ,2006,0.736
MTQ,2007,0.846
MTQ,2008,0.407
MTQ,2009,0.553
MTQ,2010,1.177
MTQ,2011,0.596
MTQ,2012,0.699
MTQ,2013,0.714
MTQ,2014,0.674
MTQ,2015,0.892
MTQ,2016,1.034
MTQ,2017,0.8
MTQ,2018,0.54
MTQ,2019,0.752
MTQ,2020,1.092
MTQ,2021,0.716
MTQ,2022,0.684
MRT,2000,1.2
MRT,2001,1.36
MRT,2002,1.353
MRT,2003,1.36
MRT,2004,1.49
MRT,2005,1.389
MRT,2006,1.444
MRT,2007,1.06
MRT,2008,1.321
MRT,2009,0.968
MRT,2010,2.02
MRT,2011,1.671
MRT,2012,0.942
MRT,2013,1.588
MRT,2014,1.48
MRT,2015,1.563
MRT,2016,1.825
MRT,2017,2.141
MRT,2018,1.086
MRT,2019,1.435
MRT,2020,1.919
MRT,2021,1.855
MRT,2022,1.711
MUS,2000,0.173
MUS,2001,0.499
MUS,2002,0.401
MUS,2003,0.69
MUS,2004,0.313
MUS,2005,0.381
MUS,2006,0.312
MUS,2007,0.537
MUS,2008,0.294
MUS,2009,0.797
MUS,2010,1.076
MUS,2011,0.865
MUS,2012,0.665
MUS,2013,0.797
MUS,2014,0.905
MUS,2015,1.158
MUS,2016,1.084
MUS,2017,1.319
MUS,2018,1.051
MUS,2019,1.462
MUS,2020,1.109
MUS,2021,0.987
MUS,2022,0.595
MYT,2000,0.086
MYT,2001,0.248
MYT,2002,0.694
MYT,2003,0.367
MYT,2004,0.234
MYT,2005,0.369
MYT,2006,0.173
MYT,2007,0.594
MYT,2008,0.383
MYT,2009,0.704
MYT,2010,0.947
MYT,2011,0.684
MYT,2012,0.614
MYT,2013,0.49
MYT,2014,0.685
MYT,2015,0.911
MYT,2016,0.815
MYT,2017,1.04
MYT,2018,0.823
MYT,2019,1.383
MYT,2020,1.133
MYT,2021,0.824
MYT,2022,0.678
MEX,2000,0.634
MEX,2001,0.549
MEX,2002,0.73
MEX,2003,0.894
MEX,2004,0.365
MEX,2005,0.806
MEX,2006,0.93
MEX,2007,0.503
MEX,2008,0.558
MEX,2009,1.053
MEX,2010,0.306
MEX,2011,1.026
MEX,2012,0.948
MEX,2013,0.798
MEX,2014,0.911
MEX,2015,1.141
MEX,2016,1.346
MEX,2017,1.629
MEX,2018,1.24
MEX,2019,1.378
MEX,2020,1.726
MEX,2021,1.163
MEX,2022,1.249
FSM,2000,-0.029
FSM,2001,0.115
FSM,2002,0.017
FSM,2003,0.074
FSM,2004,0.154
FSM,2005,0.098
FSM,2006,0.18
FSM,2007,0.097
FSM,2008,-0.116
FSM,2009,0.04
FSM,2010,0.217
FSM,2011,0.103
FSM,2012,0.473
FSM,2013,0.59
FSM,2014,0.438
FSM,2015,0.486
FSM,2016,0.868
FSM,2017,0.877
FSM,2018,0.727
FSM,2019,0.543
FSM,2020,0.806
FSM,2021,0.598
FSM,2022,0.627
MDA,2000,1.498
MDA,2001,1.715
MDA,2002,1.455
MDA,2003,-0.181
MDA,2004,0.721
MDA,2005,0.854
MDA,2006,0.253
MDA,2007,2.369
MDA,2008,1.532
MDA,2009,1.774
MDA,2010,1.365
MDA,2011,0.491
MDA,2012,2.089
MDA,2013,1.364
MDA,2014,1.445
MDA,2015,2.015
MDA,2016,2.092
MDA,2017,1.411
MDA,2018,2.103
MDA,2019,2.405
MDA,2020,3.06
MDA,2021,1.339
MDA,2022,2.143
MNG,2000,0.98
MNG,2001,1.684
MNG,2002,1.786
MNG,2003,0.49
MNG,2004,1.76
MNG,2005,0.923
MNG,2006,1.221
MNG,2007,2.729
MNG,2008,1.759
MNG,2009,1.397
MNG,2010,0.306
MNG,2011,0.757
MNG,2012,0.23
MNG,2013,1.024
MNG,2014,1.879
MNG,2015,2.131
MNG,2016,1.391
MNG,2017,2.493
MNG,2018,2.207
MNG,2019,1.847
MNG,2020,2.353
MNG,2021,1.994
MNG,2022,2.197
MNE,2000,
MNE,2001,
MNE,2002,
MNE,2003,
MNE,2004,
MNE,2005,
MNE,2006,0.479
MNE,2007,1.702
MNE,2008,1.267
MNE,2009,1.227
MNE,2010,1.185
MNE,2011,0.985
MNE,2012,1.653
MNE,2013,1.444
MNE,2014,1.503
MNE,2015,1.702
MNE,2016,1.474
MNE,2017,1.275
MNE,2018,2.232
MNE,2019,1.823
MNE,2020,1.706
MNE,2021,1.596
MNE,2022,1.865
MSR,2000,0.335
MSR,2001,
MSR,2002,0.634
MSR,2003,0.783
MSR,2004,0.501
MSR,2005,0.843
MSR,2006,0.659
MSR,2007,0.934
MSR,2008,0.394
MSR,2009,0.498
MSR,2010,1.153
MSR,2011,0.586
MSR,2012,0.696
MSR,2013,0.783
MSR,2014,0.744
MSR,2015,1.035
MSR,2016,1.097
MSR,2017,0.958
MSR,2018,0.627
MSR,2019,0.797
MSR,2020,1.131
MSR,2021,0.862
MSR,2022,0.77
MAR,2000,0.845
MAR,2001,1.745
MAR,2002,1.108
MAR,2003,1.593
MAR,2004,1.029
MAR,2005,1.188
MAR,2006,1.389
MAR,2007,0.93
MAR,2008,1.069
MAR,2009,1.16
MAR,2010,2.02
MAR,2011,1.698
MAR,2012,1.299
MAR,2013,1.233
MAR,2014,1.603
MAR,2015,1.115
MAR,2016,1.84
MAR,2017,2.131
MAR,2018,0.597
MAR,2019,1.466
MAR,2020,2.107
MAR,2021,1.798
MAR,2022,2.303
MOZ,2000,0.375
MOZ,2001,0.481
MOZ,2002,0.683
MOZ,2003,0.589
MOZ,2004,0.437
MOZ,2005,1.045
MOZ,2006,0.581
MOZ,2007,0.647
MOZ,2008,0.384
MOZ,2009,0.585
MOZ,2010,1.105
MOZ,2011,0.812
MOZ,2012,0.746
MOZ,2013,0.479
MOZ,2014,0.716
MOZ,2015,1.034
MOZ,2016,1.262
MOZ,2017,0.837
MOZ,2018,0.81
MOZ,2019,1.209
MOZ,2020,1.026
MOZ,2021,0.687
MOZ,2022,0.834
MMR,2000,0.223
MMR,2001,0.634
MMR,2002,0.676
MMR,2003,0.653
MMR,2004,0.6
MMR,2005,0.932
MMR,2006,0.855
MMR,2007,0.507
MMR,2008,0.495
MMR,2009,0.918
MMR,2010,1.203
MMR,2011,0.51
MMR,2012,0.915
MMR,2013,0.986
MMR,2014,0.902
MMR,2015,1.245
MMR,2016,1.443
MMR,2017,1.328
MMR,2018,1.064
MMR,2019,1.726
MMR,2020,1.669
MMR,2021,1.656
MMR,2022,1.436
NAM,2000,-0.041
NAM,2001,0.414
NAM,2002,0.918
NAM,2003,1.293
NAM,2004,0.858
NAM,2005,0.815
NAM,2006,-0.079
NAM,2007,0.997
NAM,2008,0.672
NAM,2009,0.462
NAM,2010,1.214
NAM,2011,-0.478
NAM,2012,-0.128
NAM,2013,0.759
NAM,2014,0.439
NAM,2015,1.215
NAM,2016,1.473
NAM,2017,0.818
NAM,2018,1.11
NAM,2019,1.821
NAM,2020,0.601
NAM,2021,-0.059
NAM,2022,0.239
NRU,2000,
NRU,2001,
NRU,2002,
NRU,2003,
NRU,2004,
NRU,2005,
NRU,2006,
NRU,2007,
NRU,2008,
NRU,2009,
NRU,2010,
NRU,2011,
NRU,2012,
NRU,2013,
NRU,2014,
NRU,2015,
NRU,2016,
NRU,2017,
NRU,2018,
NRU,2019,
NRU,2020,
NRU,2021,
NRU,2022,
NPL,2000,0.082
NPL,2001,0.448
NPL,2002,0.551
NPL,2003,0.306
NPL,2004,0.351
NPL,2005,0.678
NPL,2006,0.796
NPL,2007,0.727
NPL,2008,0.347
NPL,2009,1.119
NPL,2010,1.138
NPL,2011,0.231
NPL,2012,0.402
NPL,2013,0.189
NPL,2014,0.337
NPL,2015,0.654
NPL,2016,1.169
NPL,2017,1.071
NPL,2018,0.627
NPL,2019,0.854
NPL,2020,0.229
NPL,2021,0.632
NPL,2022,1.132
NLD,2000,1.595
NLD,2001,1.266
NLD,2002,1.526
NLD,2003,1.207
NLD,2004,1.16
NLD,2005,1.252
NLD,2006,1.507
NLD,2007,2.074
NLD,2008,1.432
NLD,2009,1.223
NLD,2010,0.1
NLD,2011,1.071
NLD,2012,1.149
NLD,2013,0.427
NLD,2014,2.564
NLD,2015,1.29
NLD,2016,1.936
NLD,2017,1.731
NLD,2018,2.135
NLD,2019,2.142
NLD,2020,2.483
NLD,2021,1.316
NLD,2022,2.601
NCL,2000,0.759
NCL,2001,1.027
NCL,2002,1.03
NCL,2003,0.788
NCL,2004,0.913
NCL,2005,0.762
NCL,2006,0.683
NCL,2007,1.146
NCL,2008,1.129
NCL,2009,0.909
NCL,2010,1.254
NCL,2011,1.022
NCL,2012,0.87
NCL,2013,1.026
NCL,2014,1.005
NCL,2015,1.215
NCL,2016,2.026
NCL,2017,1.768
NCL,2018,1.384
NCL,2019,1.303
NCL,2020,1.764
NCL,2021,1.689
NCL,2022,2.421
NZL,2000,0.265
NZL,2001,0.572
NZL,2002,0.42
NZL,2003,0.238
NZL,2004,0.033
NZL,2005,0.443
NZL,2006,0.391
NZL,2007,0.237
NZL,2008,0.564
NZL,2009,0.059
NZL,2010,0.598
NZL,2011,0.673
NZL,2012,0.125
NZL,2013,0.999
NZL,2014,0.544
NZL,2015,0.568
NZL,2016,1.214
NZL,2017,0.627
NZL,2018,1.173
NZL,2019,1.118
NZL,2020,0.912
NZL,2021,0.982
NZL,2022,1.319
NIC,2000,0.142
NIC,2001,0.502
NIC,2002,0.79
NIC,2003,0.738
NIC,2004,0.576
NIC,2005,0.841
NIC,2006,0.707
NIC,2007,0.844
NIC,2008,0.567
NIC,2009,0.821
NIC,2010,0.868
NIC,2011,0.695
NIC,2012,0.683
NIC,2013,1.201
NIC,2014,0.802
NIC,2015,1.018
NIC,2016,1.315
NIC,2017,1.025
NIC,2018,0.9
NIC,2019,1.161
NIC,2020,1.526
NIC,2021,1.026
NIC,2022,0.842
NER,2000,0.677
NER,2001,0.165
NER,2002,0.542
NER,2003,0.778
NER,2004,0.545
NER,2005,1.169
NER,2006,1.179
NER,2007,0.872
NER,2008,0.283
NER,2009,1.313
NER,2010,1.557
NER,2011,0.956
NER,2012,0.588
NER,2013,0.809
NER,2014,0.987
NER,2015,0.832
NER,2016,0.933
NER,2017,0.843
NER,2018,1.065
NER,2019,0.943
NER,2020,0.776
NER,2021,1.425
NER,2022,0.428
NGA,2000,0.526
NGA,2001,0.225
NGA,2002,0.776
NGA,2003,0.776
NGA,2004,0.698
NGA,2005,1.182
NGA,2006,1.204
NGA,2007,0.816
NGA,2008,0.585
NGA,2009,1.301
NGA,2010,1.426
NGA,2011,0.852
NGA,2012,0.526
NGA,2013,0.922
NGA,2014,1.012
NGA,2015,1.187
NGA,2016,1.168
NGA,2017,1.17
NGA,2018,1.093
NGA,2019,1.229
NGA,2020,1.127
NGA,2021,1.559
NGA,2022,0.791
NIU,2000,
NIU,2001,
NIU,2002,
NIU,2003,
NIU,2004,
NIU,2005,
NIU,2006,
NIU,2007,
NIU,2008,
NIU,2009,
NIU,2010,
NIU,2011,
NIU,2012,
NIU,2013,
NIU,2014,
NIU,2015,
NIU,2016,
NIU,2017,
NIU,2018,
NIU,2019,
NIU,2020,
NIU,2021,
NIU,2022,
MKD,2000,1.07
MKD,2001,1.587
MKD,2002,0.364
MKD,2003,0.618
MKD,2004,0.362
MKD,2005,0.148
MKD,2006,0.372
MKD,2007,1.518
MKD,2008,1.128
MKD,2009,1.011
MKD,2010,1.346
MKD,2011,0.735
MKD,2012,1.448
MKD,2013,1.415
MKD,2014,1.292
MKD,2015,1.479
MKD,2016,1.635
MKD,2017,1.06
MKD,2018,2.083
MKD,2019,1.822
MKD,2020,1.467
MKD,2021,1.53
MKD,2022,1.404
NOR,2000,1.427
NOR,2001,0.613
NOR,2002,1.386
NOR,2003,1.089
NOR,2004,1.3
NOR,2005,1.759
NOR,2006,1.504
NOR,2007,1.702
NOR,2008,1.619
NOR,2009,1.393
NOR,2010,-0.341
NOR,2011,1.398
NOR,2012,1.063
NOR,2013,0.791
NOR,2014,2.412
NOR,2015,1.781
NOR,2016,1.718
NOR,2017,1.551
NOR,2018,1.485
NOR,2019,1.208
NOR,2020,2.389
NOR,2021,1.499
NOR,2022,1.918
OMN,2000,0.554
OMN,2001,0.661
OMN,2002,0.891
OMN,2003,0.838
OMN,2004,0.778
OMN,2005,0.814
OMN,2006,0.838
OMN,2007,0.652
OMN,2008,0.537
OMN,2009,0.728
OMN,2010,1.104
OMN,2011,0.84
OMN,2012,0.754
OMN,2013,0.473
OMN,2014,0.485
OMN,2015,1.213
OMN,2016,0.933
OMN,2017,1.421
OMN,2018,1.121
OMN,2019,0.89
OMN,2020,0.496
OMN,2021,1.329
OMN,2022,1.055
PAK,2000,0.668
PAK,2001,0.762
PAK,2002,1.021
PAK,2003,0.527
PAK,2004,1.006
PAK,2005,0.211
PAK,2006,1.023
PAK,2007,0.65
PAK,2008,0.362
PAK,2009,1.034
PAK,2010,1.29
PAK,2011,0.833
PAK,2012,0.263
PAK,2013,0.778
PAK,2014,0.358
PAK,2015,0.529
PAK,2016,1.233
PAK,2017,1.252
PAK,2018,1.359
PAK,2019,0.566
PAK,2020,0.394
PAK,2021,1.121
PAK,2022,1.389
PLW,2000,0.399
PLW,2001,0.436
PLW,2002,0.555
PLW,2003,0.365
PLW,2004,0.552
PLW,2005,0.387
PLW,2006,0.427
PLW,2007,0.525
PLW,2008,
PLW,2009,0.65
PLW,2010,0.598
PLW,2011,0.573
PLW,2012,0.77
PLW,2013,0.885
PLW,2014,0.952
PLW,2015,1.201
PLW,2016,1.264
PLW,2017,1.133
PLW,2018,1.205
PLW,2019,
PLW,2020,
PLW,2021,1.468
PLW,2022,1.672
PAN,2000,0.144
PAN,2001,0.551
PAN,2002,0.883
PAN,2003,0.926
PAN,2004,0.729
PAN,2005,0.741
PAN,2006,0.744
PAN,2007,0.654
PAN,2008,0.435
PAN,2009,0.953
PAN,2010,0.978
PAN,2011,0.585
PAN,2012,0.88
PAN,2013,0.999
PAN,2014,1.014
PAN,2015,1.232
PAN,2016,1.171
PAN,2017,0.94
PAN,2018,1.283
PAN,2019,1.43
PAN,2020,1.481
PAN,2021,1.199
PAN,2022,0.728
PNG,2000,0.377
PNG,2001,0.496
PNG,2002,0.671
PNG,2003,0.519
PNG,2004,0.234
PNG,2005,0.658
PNG,2006,0.252
PNG,2007,0.438
PNG,2008,0.342
PNG,2009,0.317
PNG,2010,1.007
PNG,2011,0.388
PNG,2012,0.295
PNG,2013,0.8
PNG,2014,0.393
PNG,2015,0.16
PNG,2016,1.129
PNG,2017,0.79
PNG,2018,0.662
PNG,2019,0.695
PNG,2020,1.082
PNG,2021,1.18
PNG,2022,1.221
PRY,2000,0.101
PRY,2001,0.609
PRY,2002,1.074
PRY,2003,0.721
PRY,2004,0.394
PRY,2005,0.511
PRY,2006,0.915
PRY,2007,0.252
PRY,2008,0.259
PRY,2009,0.897
PRY,2010,0.326
PRY,2011,0.601
PRY,2012,0.825
PRY,2013,0.327
PRY,2014,1.119
PRY,2015,1.493
PRY,2016,0.25
PRY,2017,1.15
PRY,2018,0.539
PRY,2019,1.276
PRY,2020,1.369
PRY,2021,0.696
PRY,2022,0.649
PER,2000,0.325
PER,2001,0.49
PER,2002,0.754
PER,2003,0.769
PER,2004,0.682
PER,2005,0.813
PER,2006,0.809
PER,2007,0.555
PER,2008,0.604
PER,2009,0.869
PER,2010,1.063
PER,2011,0.791
PER,2012,0.808
PER,2013,0.647
PER,2014,0.883
PER,2015,1.256
PER,2016,1.454
PER,2017,0.978
PER,2018,0.734
PER,2019,1.048
PER,2020,1.778
PER,2021,1.287
PER,2022,0.878
PHL,2000,0.673
PHL,2001,0.825
PHL,2002,0.733
PHL,2003,0.795
PHL,2004,0.687
PHL,2005,0.782
PHL,2006,0.831
PHL,2007,0.875
PHL,2008,0.574
PHL,2009,0.718
PHL,2010,1.065
PHL,2011,0.62
PHL,2012,0.912
PHL,2013,1.057
PHL,2014,0.96
PHL,2015,1.155
PHL,2016,1.603
PHL,2017,1.3
PHL,2018,1.329
PHL,2019,1.407
PHL,2020,1.56
PHL,2021,1.431
PHL,2022,1.405
POL,2000,1.887
POL,2001,1.285
POL,2002,1.7
POL,2003,0.366
POL,2004,0.781
POL,2005,0.881
POL,2006,0.835
POL,2007,2.147
POL,2008,1.752
POL,2009,1.274
POL,2010,0.403
POL,2011,0.765
POL,2012,1.383
POL,2013,0.651
POL,2014,2.38
POL,2015,2.013
POL,2016,2.056
POL,2017,1.475
POL,2018,2.434
POL,2019,2.652
POL,2020,2.677
POL,2021,1.466
POL,2022,2.056
PRT,2000,0.665
PRT,2001,1.165
PRT,2002,0.681
PRT,2003,1.458
PRT,2004,1.062
PRT,2005,1.032
PRT,2006,1.561
PRT,2007,0.775
PRT,2008,0.649
PRT,2009,1.423
PRT,2010,1.122
PRT,2011,1.615
PRT,2012,0.797
PRT,2013,0.941
PRT,2014,1.349
PRT,2015,1.405
PRT,2016,1.682
PRT,2017,2.109
PRT,2018,0.906
PRT,2019,1.291
PRT,2020,1.99
PRT,2021,1.251
PRT,2022,2.318
PRI,2000,0.273
PRI,2001,0.743
PRI,2002,0.893
PRI,2003,1.06
PRI,2004,0.567
PRI,2005,0.865
PRI,2006,0.821
PRI,2007,1.071
PRI,2008,0.52
PRI,2009,0.651
PRI,2010,1.177
PRI,2011,0.531
PRI,2012,0.762
PRI,2013,0.774
PRI,2014,0.869
PRI,2015,1.093
PRI,2016,1.203
PRI,2017,0.967
PRI,2018,0.848
PRI,2019,0.95
PRI,2020,1.349
PRI,2021,0.922
PRI,2022,0.848
QAT,2000,0.944
QAT,2001,0.97
QAT,2002,1.436
QAT,2003,1.179
QAT,2004,1.228
QAT,2005,0.842
QAT,2006,1.652
QAT,2007,0.989
QAT,2008,1.162
QAT,2009,1.114
QAT,2010,2.001
QAT,2011,1.444
QAT,2012,1.376
QAT,2013,1.212
QAT,2014,1.541
QAT,2015,1.971
QAT,2016,1.515
QAT,2017,1.893
QAT,2018,2.004
QAT,2019,1.84
QAT,2020,1.734
QAT,2021,2.165
QAT,2022,1.855
ROU,2000,1.338
ROU,2001,1.537
ROU,2002,1.22
ROU,2003,0.145
ROU,2004,0.556
ROU,2005,0.298
ROU,2006,0.514
ROU,2007,2.126
ROU,2008,1.335
ROU,2009,1.617
ROU,2010,1.167
ROU,2011,0.497
ROU,2012,1.828
ROU,2013,1.37
ROU,2014,1.552
ROU,2015,1.799
ROU,2016,1.876
ROU,2017,1.153
ROU,2018,2.266
ROU,2019,2.241
ROU,2020,2.256
ROU,2021,1.447
ROU,2022,1.949
RUS,2000,1.319
RUS,2001,0.813
RUS,2002,1.589
RUS,2003,0.992
RUS,2004,1.397
RUS,2005,1.702
RUS,2006,0.551
RUS,2007,2.49
RUS,2008,2.223
RUS,2009,1.192
RUS,2010,0.88
RUS,2011,1.704
RUS,2012,1.933
RUS,2013,1.166
RUS,2014,1.753
RUS,2015,2.246
RUS,2016,2.459
RUS,2017,2.127
RUS,2018,2.043
RUS,2019,2.178
RUS,2020,3.691
RUS,2021,1.643
RUS,2022,2.261
RWA,2000,
RWA,2001,0.258
RWA,2002,0.664
RWA,2003,0.909
RWA,2004,0.704
RWA,2005,
RWA,2006,
RWA,2007,1.25
RWA,2008,
RWA,2009,
RWA,2010,
RWA,2011,
RWA,2012,
RWA,2013,
RWA,2014,
RWA,2015,
RWA,2016,
RWA,2017,
RWA,2018,
RWA,2019,
RWA,2020,
RWA,2021,
RWA,2022,
SHN,2000,1.465
SHN,2001,1.074
SHN,2002,1.167
SHN,2003,1.385
SHN,2004,1.43
SHN,2005,1.321
SHN,2006,1.595
SHN,2007,1.021
SHN,2008,1.099
SHN,2009,1.668
SHN,2010,1.135
SHN,2011,1.447
SHN,2012,1.255
SHN,2013,1.218
SHN,2014,1.322
SHN,2015,1.902
SHN,2016,1.647
SHN,2017,1.37
SHN,2018,1.609
SHN,2019,1.645
SHN,2020,1.407
SHN,2021,1.747
SHN,2022,1.686
SPM,2000,1.095
SPM,2001,0.522
SPM,2002,0.009
SPM,2003,0.166
SPM,2004,0.562
SPM,2005,0.898
SPM,2006,1.813
SPM,2007,0.385
SPM,2008,0.444
SPM,2009,0.69
SPM,2010,1.311
SPM,2011,1.147
SPM,2012,1.992
SPM,2013,1.292
SPM,2014,0.375
SPM,2015,0.106
SPM,2016,0.854
SPM,2017,0.36
SPM,2018,0.682
SPM,2019,0.05
SPM,2020,0.742
SPM,2021,2.32
SPM,2022,1.944
WSM,2000,0.537
WSM,2001,0.815
WSM,2002,1.063
WSM,2003,0.633
WSM,2004,0.105
WSM,2005,0.735
WSM,2006,0.325
WSM,2007,0.942
WSM,2008,0.578
WSM,2009,
WSM,2010,1.246
WSM,2011,0.719
WSM,2012,0.834
WSM,2013,1.167
WSM,2014,1.071
WSM,2015,0.91
WSM,2016,1.44
WSM,2017,1.336
WSM,2018,1.09
WSM,2019,1.44
WSM,2020,1.332
WSM,2021,1.169
WSM,2022,1.156
STP,2000,0.408
STP,2001,0.319
STP,2002,0.779
STP,2003,1.013
STP,2004,0.835
STP,2005,0.684
STP,2006,0.696
STP,2007,0.919
STP,2008,0.644
STP,2009,0.891
STP,2010,1.049
STP,2011,0.735
STP,2012,0.802
STP,2013,0.851
STP,2014,0.945
STP,2015,0.866
STP,2016,1.56
STP,2017,1.289
STP,2018,1.007
STP,2019,1.393
STP,2020,1.624
STP,2021,1.398
STP,2022,1.321
SAU,2000,0.787
SAU,2001,0.884
SAU,2002,1.092
SAU,2003,0.981
SAU,2004,0.975
SAU,2005,0.542
SAU,2006,1.202
SAU,2007,0.706
SAU,2008,0.906
SAU,2009,1.028
SAU,2010,2.18
SAU,2011,0.893
SAU,2012,1.241
SAU,2013,1.204
SAU,2014,1.249
SAU,2015,1.867
SAU,2016,1.533
SAU,2017,1.78
SAU,2018,1.887
SAU,2019,1.69
SAU,2020,1.488
SAU,2021,2.203
SAU,2022,1.745
SEN,2000,0.918
SEN,2001,1.168
SEN,2002,1.425
SEN,2003,1.15
SEN,2004,1.157
SEN,2005,1.366
SEN,2006,1.37
SEN,2007,1.202
SEN,2008,1.294
SEN,2009,0.703
SEN,2010,1.432
SEN,2011,1.187
SEN,2012,0.834
SEN,2013,1.18
SEN,2014,1.105
SEN,2015,1.212
SEN,2016,1.542
SEN,2017,1.744
SEN,2018,0.964
SEN,2019,1.396
SEN,2020,1.665
SEN,2021,1.782
SEN,2022,1.405
SRB,2000,
SRB,2001,
SRB,2002,
SRB,2003,
SRB,2004,
SRB,2005,
SRB,2006,0.555
SRB,2007,1.888
SRB,2008,1.339
SRB,2009,1.364
SRB,2010,1.161
SRB,2011,0.736
SRB,2012,1.692
SRB,2013,1.413
SRB,2014,1.596
SRB,2015,1.743
SRB,2016,1.698
SRB,2017,1.276
SRB,2018,2.317
SRB,2019,2.087
SRB,2020,1.816
SRB,2021,1.594
SRB,2022,1.938
SYC,2000,0.406
SYC,2001,0.734
SYC,2002,0.518
SYC,2003,0.719
SYC,2004,0.304
SYC,2005,0.513
SYC,2006,0.537
SYC,2007,0.813
SYC,2008,0.5
SYC,2009,0.82
SYC,2010,1.019
SYC,2011,0.927
SYC,2012,0.922
SYC,2013,0.749
SYC,2014,0.863
SYC,2015,1.169
SYC,2016,1.1
SYC,2017,1.184
SYC,2018,0.917
SYC,2019,1.377
SYC,2020,1.434
SYC,2021,1.032
SYC,2022,0.872
SLE,2000,
SLE,2001,0.848
SLE,2002,1.005
SLE,2003,0.814
SLE,2004,1.034
SLE,2005,1.194
SLE,2006,1.109
SLE,2007,0.795
SLE,2008,1.243
SLE,2009,0.9
SLE,2010,1.405
SLE,2011,1.134
SLE,2012,0.533
SLE,2013,1.058
SLE,2014,1.037
SLE,2015,1.16
SLE,2016,1.086
SLE,2017,1.728
SLE,2018,1.234
SLE,2019,1.561
SLE,2020,1.526
SLE,2021,1.565
SLE,2022,1.328
SGP,2000,
SGP,2001,
SGP,2002,0.776
SGP,2003,
SGP,2004,
SGP,2005,
SGP,2006,
SGP,2007,
SGP,2008,
SGP,2009,
SGP,2010,1.059
SGP,2011,0.74
SGP,2012,0.826
SGP,2013,1.15
SGP,2014,1.331
SGP,2015,1.537
SGP,2016,2.038
SGP,2017,1.587
SGP,2018,1.37
SGP,2019,1.878
SGP,2020,1.585
SGP,2021,1.3
SGP,2022,1.311
SVK,2000,1.621
SVK,2001,1.237
SVK,2002,1.376
SVK,2003,0.648
SVK,2004,0.539
SVK,2005,0.395
SVK,2006,0.629
SVK,2007,2.148
SVK,2008,1.523
SVK,2009,1.496
SVK,2010,0.685
SVK,2011,0.84
SVK,2012,1.569
SVK,2013,0.949
SVK,2014,2.379
SVK,2015,2.122
SVK,2016,1.959
SVK,2017,1.276
SVK,2018,2.549
SVK,2019,2.42
SVK,2020,2.027
SVK,2021,1.287
SVK,2022,2.018
SVN,2000,1.782
SVN,2001,1.706
SVN,2002,1.498
SVN,2003,1.426
SVN,2004,0.726
SVN,2005,0.476
SVN,2006,0.86
SVN,2007,2.165
SVN,2008,1.574
SVN,2009,1.628
SVN,2010,0.769
SVN,2011,1.354
SVN,2012,1.931
SVN,2013,1.234
SVN,2014,2.431
SVN,2015,2.125
SVN,2016,2.046
SVN,2017,1.721
SVN,2018,2.412
SVN,2019,2.34
SVN,2020,2.228
SVN,2021,1.524
SVN,2022,2.435
SLB,2000,0.563
SLB,2001,
SLB,2002,
SLB,2003,0.592
SLB,2004,0.752
SLB,2005,0.792
SLB,2006,0.549
SLB,2007,0.962
SLB,2008,
SLB,2009,0.319
SLB,2010,0.69
SLB,2011,0.797
SLB,2012,0.887
SLB,2013,0.789
SLB,2014,0.766
SLB,2015,0.674
SLB,2016,
SLB,2017,
SLB,2018,
SLB,2019,
SLB,2020,1.185
SLB,2021,0.955
SLB,2022,1.038
SOM,2000,0.421
SOM,2001,0.83
SOM,2002,0.82
SOM,2003,1.047
SOM,2004,0.465
SOM,2005,1.07
SOM,2006,0.845
SOM,2007,0.958
SOM,2008,0.677
SOM,2009,1.29
SOM,2010,1.091
SOM,2011,1.057
SOM,2012,0.976
SOM,2013,1.089
SOM,2014,1.121
SOM,2015,1.467
SOM,2016,1.267
SOM,2017,1.623
SOM,2018,0.709
SOM,2019,1.528
SOM,2020,1.724
SOM,2021,1.532
SOM,2022,1.449
ZAF,2000,0.271
ZAF,2001,0.516
ZAF,2002,0.453
ZAF,2003,0.791
ZAF,2004,0.874
ZAF,2005,1.031
ZAF,2006,0.361
ZAF,2007,0.721
ZAF,2008,0.575
ZAF,2009,0.662
ZAF,2010,1.083
ZAF,2011,0.446
ZAF,2012,0.508
ZAF,2013,0.655
ZAF,2014,0.838
ZAF,2015,1.3
ZAF,2016,1.562
ZAF,2017,1.103
ZAF,2018,1.016
ZAF,2019,1.811
ZAF,2020,0.89
ZAF,2021,0.809
ZAF,2022,1.094
SSD,2000,
SSD,2001,
SSD,2002,
SSD,2003,
SSD,2004,
SSD,2005,
SSD,2006,
SSD,2007,
SSD,2008,
SSD,2009,
SSD,2010,
SSD,2011,1.462
SSD,2012,1.254
SSD,2013,1.325
SSD,2014,0.965
SSD,2015,1.139
SSD,2016,1.292
SSD,2017,1.299
SSD,2018,1.192
SSD,2019,1.001
SSD,2020,0.69
SSD,2021,1.168
SSD,2022,0.983
ESP,2000,0.81
ESP,2001,1.406
ESP,2002,0.812
ESP,2003,1.598
ESP,2004,1.004
ESP,2005,0.902
ESP,2006,1.526
ESP,2007,0.835
ESP,2008,0.864
ESP,2009,1.36
ESP,2010,0.908
ESP,2011,1.613
ESP,2012,1.043
ESP,2013,0.906
ESP,2014,1.603
ESP,2015,1.533
ESP,2016,1.714
ESP,2017,2.036
ESP,2018,1.149
ESP,2019,1.534
ESP,2020,2.083
ESP,2021,1.431
ESP,2022,2.489
LKA,2000,0.462
LKA,2001,0.698
LKA,2002,0.852
LKA,2003,0.759
LKA,2004,0.673
LKA,2005,0.722
LKA,2006,0.496
LKA,2007,0.496
LKA,2008,0.421
LKA,2009,0.783
LKA,2010,1.105
LKA,2011,0.739
LKA,2012,0.977
LKA,2013,0.862
LKA,2014,0.997
LKA,2015,1.006
LKA,2016,1.369
LKA,2017,1.095
LKA,2018,0.823
LKA,2019,1.275
LKA,2020,1.315
LKA,2021,1.034
LKA,2022,1.004
KNA,2000,0.335
KNA,2001,
KNA,2002,0.634
KNA,2003,0.783
KNA,2004,0.501
KNA,2005,0.843
KNA,2006,0.659
KNA,2007,0.934
KNA,2008,0.394
KNA,2009,0.498
KNA,2010,1.153
KNA,2011,0.586
KNA,2012,0.696
KNA,2013,0.783
KNA,2014,0.744
KNA,2015,1.035
KNA,2016,1.097
KNA,2017,0.958
KNA,2018,0.627
KNA,2019,0.797
KNA,2020,1.131
KNA,2021,0.862
KNA,2022,0.77
LCA,2000,0.337
LCA,2001,0.573
LCA,2002,0.643
LCA,2003,0.864
LCA,2004,0.517
LCA,2005,0.941
LCA,2006,0.758
LCA,2007,0.752
LCA,2008,0.436
LCA,2009,0.523
LCA,2010,1.177
LCA,2011,0.642
LCA,2012,0.625
LCA,2013,0.744
LCA,2014,0.619
LCA,2015,0.861
LCA,2016,0.999
LCA,2017,0.844
LCA,2018,0.532
LCA,2019,0.967
LCA,2020,1.161
LCA,2021,0.732
LCA,2022,0.689
VCT,2000,0.459
VCT,2001,0.689
VCT,2002,0.627
VCT,2003,0.91
VCT,2004,0.438
VCT,2005,1
VCT,2006,0.739
VCT,2007,0.681
VCT,2008,0.505
VCT,2009,0.504
VCT,2010,1.2
VCT,2011,0.684
VCT,2012,0.581
VCT,2013,0.773
VCT,2014,0.642
VCT,2015,0.839
VCT,2016,0.949
VCT,2017,0.911
VCT,2018,0.539
VCT,2019,1.169
VCT,2020,1.229
VCT,2021,0.761
VCT,2022,0.698
SDN,2000,
SDN,2001,
SDN,2002,
SDN,2003,
SDN,2004,
SDN,2005,
SDN,2006,
SDN,2007,
SDN,2008,
SDN,2009,
SDN,2010,
SDN,2011,0.881
SDN,2012,1.032
SDN,2013,1.147
SDN,2014,0.952
SDN,2015,1.502
SDN,2016,1.172
SDN,2017,1.21
SDN,2018,1.227
SDN,2019,0.881
SDN,2020,0.458
SDN,2021,1.241
SDN,2022,0.773
SUR,2000,0.657
SUR,2001,0.781
SUR,2002,1.01
SUR,2003,1.069
SUR,2004,1.097
SUR,2005,1.426
SUR,2006,1.003
SUR,2007,0.98
SUR,2008,1.076
SUR,2009,1.414
SUR,2010,1.509
SUR,2011,1.074
SUR,2012,0.986
SUR,2013,1.118
SUR,2014,1.136
SUR,2015,1.309
SUR,2016,1.79
SUR,2017,1.439
SUR,2018,1.25
SUR,2019,1.53
SUR,2020,1.682
SUR,2021,1.277
SUR,2022,1.296
SWE,2000,1.721
SWE,2001,1.071
SWE,2002,1.566
SWE,2003,0.914
SWE,2004,1.198
SWE,2005,1.825
SWE,2006,1.485
SWE,2007,1.938
SWE,2008,1.954
SWE,2009,1.432
SWE,2010,-0.279
SWE,2011,1.267
SWE,2012,1.313
SWE,2013,0.857
SWE,2014,2.704
SWE,2015,2.069
SWE,2016,1.841
SWE,2017,1.588
SWE,2018,1.844
SWE,2019,1.568
SWE,2020,2.943
SWE,2021,1.846
SWE,2022,2.11
CHE,2000,1.42
CHE,2001,1.45
CHE,2002,1.258
CHE,2003,1.848
CHE,2004,0.974
CHE,2005,0.808
CHE,2006,1.091
CHE,2007,1.804
CHE,2008,1.195
CHE,2009,1.371
CHE,2010,0.459
CHE,2011,1.667
CHE,2012,1.512
CHE,2013,0.782
CHE,2014,2.169
CHE,2015,1.972
CHE,2016,1.859
CHE,2017,1.837
CHE,2018,2.343
CHE,2019,2.096
CHE,2020,2.514
CHE,2021,1.181
CHE,2022,2.798
SYR,2000,0.668
SYR,2001,1.163
SYR,2002,0.872
SYR,2003,0.542
SYR,2004,0.644
SYR,2005,0.226
SYR,2006,1.017
SYR,2007,0.786
SYR,2008,1.033
SYR,2009,0.635
SYR,2010,2.475
SYR,2011,0.656
SYR,2012,1.044
SYR,2013,1.383
SYR,2014,1.213
SYR,2015,1.319
SYR,2016,1.796
SYR,2017,1.142
SYR,2018,2.389
SYR,2019,1.562
SYR,2020,1.868
SYR,2021,2.238
SYR,2022,1.535
TWN,2000,0.427
TWN,2001,0.784
TWN,2002,0.922
TWN,2003,0.871
TWN,2004,0.442
TWN,2005,0.662
TWN,2006,0.72
TWN,2007,0.79
TWN,2008,0.593
TWN,2009,0.789
TWN,2010,0.535
TWN,2011,0.086
TWN,2012,0.376
TWN,2013,0.685
TWN,2014,0.704
TWN,2015,0.718
TWN,2016,1.01
TWN,2017,1.351
TWN,2018,1.108
TWN,2019,1.304
TWN,2020,1.728
TWN,2021,1.898
TWN,2022,1.383
TJK,2000,0.938
TJK,2001,1.41
TJK,2002,1.206
TJK,2003,0.496
TJK,2004,1.302
TJK,2005,0.764
TJK,2006,1.568
TJK,2007,1.202
TJK,2008,0.909
TJK,2009,0.81
TJK,2010,1.342
TJK,2011,1.438
TJK,2012,-0.032
TJK,2013,1.255
TJK,2014,0.461
TJK,2015,1.301
TJK,2016,1.645
TJK,2017,1.288
TJK,2018,1.66
TJK,2019,1.325
TJK,2020,1.034
TJK,2021,0.945
TJK,2022,2.074
TZA,2000,0.53
TZA,2001,0.433
TZA,2002,0.646
TZA,2003,1.01
TZA,2004,0.899
TZA,2005,1.035
TZA,2006,0.836
TZA,2007,0.77
TZA,2008,0.462
TZA,2009,0.892
TZA,2010,1.013
TZA,2011,0.723
TZA,2012,0.82
TZA,2013,0.885
TZA,2014,0.935
TZA,2015,1.102
TZA,2016,0.995
TZA,2017,1.45
TZA,2018,1.055
TZA,2019,1.399
TZA,2020,1.091
TZA,2021,1.126
TZA,2022,0.911
THA,2000,0.14
THA,2001,0.733
THA,2002,0.734
THA,2003,0.869
THA,2004,0.625
THA,2005,0.974
THA,2006,0.773
THA,2007,0.638
THA,2008,0.496
THA,2009,0.605
THA,2010,1.405
THA,2011,0.36
THA,2012,1.023
THA,2013,1.234
THA,2014,0.845
THA,2015,1.392
THA,2016,1.659
THA,2017,1.202
THA,2018,0.954
THA,2019,1.857
THA,2020,1.596
THA,2021,1.112
THA,2022,1.014
TGO,2000,0.523
TGO,2001,0.641
TGO,2002,0.732
TGO,2003,0.973
TGO,2004,0.703
TGO,2005,0.932
TGO,2006,0.968
TGO,2007,0.847
TGO,2008,0.711
TGO,2009,0.876
TGO,2010,1.249
TGO,2011,0.866
TGO,2012,0.571
TGO,2013,0.754
TGO,2014,0.923
TGO,2015,1.096
TGO,2016,1.125
TGO,2017,1.243
TGO,2018,1.123
TGO,2019,1.273
TGO,2020,1.134
TGO,2021,1.554
TGO,2022,0.975
TON,2000,0.272
TON,2001,0.564
TON,2002,0.78
TON,2003,0.455
TON,2004,0.632
TON,2005,0.769
TON,2006,0.55
TON,2007,0.821
TON,2008,0.292
TON,2009,0.356
TON,2010,0.869
TON,2011,0.602
TON,2012,0.671
TON,2013,0.807
TON,2014,0.713
TON,2015,0.759
TON,2016,1.284
TON,2017,1.077
TON,2018,1.021
TON,2019,1.599
TON,2020,1.398
TON,2021,1.19
TON,2022,0.846
TTO,2000,0.512
TTO,2001,0.715
TTO,2002,0.603
TTO,2003,0.818
TTO,2004,0.379
TTO,2005,1.145
TTO,2006,0.731
TTO,2007,0.627
TTO,2008,0.463
TTO,2009,0.573
TTO,2010,1.247
TTO,2011,0.577
TTO,2012,0.626
TTO,2013,0.792
TTO,2014,0.692
TTO,2015,0.824
TTO,2016,0.925
TTO,2017,1.177
TTO,2018,0.667
TTO,2019,1.191
TTO,2020,1.395
TTO,2021,0.952
TTO,2022,0.714
TUN,2000,1.014
TUN,2001,1.992
TUN,2002,1.25
TUN,2003,1.697
TUN,2004,0.916
TUN,2005,1.047
TUN,2006,1.271
TUN,2007,1.388
TUN,2008,1.374
TUN,2009,0.865
TUN,2010,1.752
TUN,2011,1.038
TUN,2012,1.607
TUN,2013,1.47
TUN,2014,1.879
TUN,2015,1.192
TUN,2016,1.896
TUN,2017,1.377
TUN,2018,1.507
TUN,2019,1.34
TUN,2020,2.015
TUN,2021,2.555
TUN,2022,2.291
TKM,2000,1.302
TKM,2001,1.533
TKM,2002,1.804
TKM,2003,0.057
TKM,2004,1.652
TKM,2005,1.303
TKM,2006,1.697
TKM,2007,1.127
TKM,2008,0.731
TKM,2009,1.064
TKM,2010,1.891
TKM,2011,1.098
TKM,2012,0.78
TKM,2013,1.643
TKM,2014,0.714
TKM,2015,1.427
TKM,2016,2.02
TKM,2017,1.692
TKM,2018,1.524
TKM,2019,1.818
TKM,2020,1.528
TKM,2021,1.647
TKM,2022,2.528
TCA,2000,0.592
TCA,2001,1.002
TCA,2002,0.885
TCA,2003,1.321
TCA,2004,0.86
TCA,2005,0.967
TCA,2006,1.009
TCA,2007,1.331
TCA,2008,0.649
TCA,2009,0.74
TCA,2010,1.185
TCA,2011,0.595
TCA,2012,0.777
TCA,2013,1.307
TCA,2014,1.247
TCA,2015,1.471
TCA,2016,0.831
TCA,2017,1.063
TCA,2018,
TCA,2019,1.456
TCA,2020,1.547
TCA,2021,0.94
TCA,2022,0.944
TUV,2000,0.501
TUV,2001,0.761
TUV,2002,0.793
TUV,2003,0.549
TUV,2004,0.636
TUV,2005,0.815
TUV,2006,0.668
TUV,2007,0.758
TUV,2008,0.392
TUV,2009,0.665
TUV,2010,0.922
TUV,2011,0.805
TUV,2012,0.612
TUV,2013,0.682
TUV,2014,0.646
TUV,2015,0.798
TUV,2016,0.921
TUV,2017,1.013
TUV,2018,0.975
TUV,2019,1.078
TUV,2020,1.195
TUV,2021,0.689
TUV,2022,0.663
UGA,2000,0.273
UGA,2001,0.183
UGA,2002,0.675
UGA,2003,0.908
UGA,2004,0.681
UGA,2005,1.232
UGA,2006,0.967
UGA,2007,0.455
UGA,2008,0.774
UGA,2009,1.295
UGA,2010,1.425
UGA,2011,1.099
UGA,2012,1.117
UGA,2013,1.06
UGA,2014,1.136
UGA,2015,1.159
UGA,2016,1.262
UGA,2017,1.735
UGA,2018,1.102
UGA,2019,1.616
UGA,2020,1.236
UGA,2021,1.499
UGA,2022,1.416
UKR,2000,1.439
UKR,2001,1.809
UKR,2002,1.553
UKR,2003,-0.252
UKR,2004,0.93
UKR,2005,1.023
UKR,2006,0.27
UKR,2007,2.379
UKR,2008,1.621
UKR,2009,1.607
UKR,2010,1.649
UKR,2011,0.581
UKR,2012,1.957
UKR,2013,1.522
UKR,2014,1.718
UKR,2015,2.075
UKR,2016,2.114
UKR,2017,1.419
UKR,2018,2.242
UKR,2019,2.37
UKR,2020,3.026
UKR,2021,1.435
UKR,2022,1.931
ARE,2000,0.681
ARE,2001,0.56
ARE,2002,1.123
ARE,2003,1.052
ARE,2004,1.052
ARE,2005,0.725
ARE,2006,1.255
ARE,2007,0.802
ARE,2008,0.777
ARE,2009,0.896
ARE,2010,1.482
ARE,2011,1.121
ARE,2012,1.086
ARE,2013,0.739
ARE,2014,0.909
ARE,2015,1.556
ARE,2016,1.059
ARE,2017,1.632
ARE,2018,1.498
ARE,2019,1.204
ARE,2020,1.21
ARE,2021,1.699
ARE,2022,1.482
GBR,2000,0.724
GBR,2001,0.631
GBR,2002,1.011
GBR,2003,1.194
GBR,2004,1.035
GBR,2005,1.116
GBR,2006,1.25
GBR,2007,1.332
GBR,2008,0.838
GBR,2009,0.948
GBR,2010,-0.05
GBR,2011,0.851
GBR,2012,0.576
GBR,2013,0.364
GBR,2014,1.718
GBR,2015,0.614
GBR,2016,1.161
GBR,2017,1.424
GBR,2018,0.998
GBR,2019,1.231
GBR,2020,1.373
GBR,2021,0.929
GBR,2022,1.911
USA,2000,1
USA,2001,0.786
USA,2002,0.951
USA,2003,0.99
USA,2004,0.863
USA,2005,1.153
USA,2006,1.026
USA,2007,1.143
USA,2008,0.212
USA,2009,0.398
USA,2010,0.695
USA,2011,0.537
USA,2012,1.448
USA,2013,0.614
USA,2014,0.501
USA,2015,1.531
USA,2016,2.224
USA,2017,1.433
USA,2018,1.276
USA,2019,1.034
USA,2020,1.324
USA,2021,1.144
USA,2022,1.217
VIR,2000,0.202
VIR,2001,0.616
VIR,2002,0.782
VIR,2003,0.887
VIR,2004,0.541
VIR,2005,0.821
VIR,2006,0.739
VIR,2007,0.994
VIR,2008,0.444
VIR,2009,0.637
VIR,2010,1.054
VIR,2011,0.419
VIR,2012,0.619
VIR,2013,0.755
VIR,2014,0.882
VIR,2015,1.071
VIR,2016,1.162
VIR,2017,0.964
VIR,2018,0.722
VIR,2019,0.898
VIR,2020,1.32
VIR,2021,0.922
VIR,2022,0.894
URY,2000,0.333
URY,2001,1.226
URY,2002,0.61
URY,2003,0.324
URY,2004,0.458
URY,2005,0.802
URY,2006,0.586
URY,2007,0.131
URY,2008,0.719
URY,2009,0.508
URY,2010,0.261
URY,2011,0.447
URY,2012,0.836
URY,2013,0.149
URY,2014,1.162
URY,2015,1.048
URY,2016,0.301
URY,2017,1.546
URY,2018,1.196
URY,2019,0.766
URY,2020,0.89
URY,2021,0.79
URY,2022,0.382
UZB,2000,1.435
UZB,2001,1.606
UZB,2002,1.88
UZB,2003,0.187
UZB,2004,1.972
UZB,2005,1.417
UZB,2006,1.618
UZB,2007,1.431
UZB,2008,0.746
UZB,2009,1.105
UZB,2010,1.827
UZB,2011,1.091
UZB,2012,0.716
UZB,2013,1.563
UZB,2014,0.211
UZB,2015,1.443
UZB,2016,2.31
UZB,2017,1.792
UZB,2018,1.044
UZB,2019,1.943
UZB,2020,1.721
UZB,2021,1.532
UZB,2022,2.607
VUT,2000,0.777
VUT,2001,0.401
VUT,2002,0.452
VUT,2003,0.36
VUT,2004,0.462
VUT,2005,0.536
VUT,2006,0.394
VUT,2007,0.921
VUT,2008,0.712
VUT,2009,0.438
VUT,2010,0.878
VUT,2011,0.669
VUT,2012,0.402
VUT,2013,0.706
VUT,2014,0.585
VUT,2015,0.573
VUT,2016,1.146
VUT,2017,1.131
VUT,2018,0.613
VUT,2019,0.897
VUT,2020,1.226
VUT,2021,1.147
VUT,2022,1.479
VEN,2000,0.298
VEN,2001,0.626
VEN,2002,0.864
VEN,2003,0.912
VEN,2004,0.676
VEN,2005,0.933
VEN,2006,0.674
VEN,2007,0.76
VEN,2008,0.518
VEN,2009,0.816
VEN,2010,1.227
VEN,2011,0.601
VEN,2012,0.513
VEN,2013,0.941
VEN,2014,0.865
VEN,2015,1.094
VEN,2016,1.098
VEN,2017,0.726
VEN,2018,0.843
VEN,2019,1.235
VEN,2020,1.35
VEN,2021,0.734
VEN,2022,0.533
VNM,2000,0.129
VNM,2001,0.693
VNM,2002,0.722
VNM,2003,1.043
VNM,2004,0.385
VNM,2005,0.838
VNM,2006,0.892
VNM,2007,0.506
VNM,2008,0.199
VNM,2009,0.671
VNM,2010,1.092
VNM,2011,0.118
VNM,2012,0.736
VNM,2013,0.895
VNM,2014,0.54
VNM,2015,1.222
VNM,2016,1.191
VNM,2017,1.121
VNM,2018,0.817
VNM,2019,1.811
VNM,2020,1.477
VNM,2021,1.114
VNM,2022,1.033
WLF,2000,0.425
WLF,2001,0.689
WLF,2002,0.827
WLF,2003,0.518
WLF,2004,0.64
WLF,2005,0.82
WLF,2006,0.607
WLF,2007,0.882
WLF,2008,0.331
WLF,2009,0.361
WLF,2010,0.93
WLF,2011,0.73
WLF,2012,0.701
WLF,2013,0.773
WLF,2014,0.686
WLF,2015,0.724
WLF,2016,1.267
WLF,2017,1.062
WLF,2018,0.92
WLF,2019,1.379
WLF,2020,1.274
WLF,2021,1.029
WLF,2022,0.951
PSE,2000,0.249
PSE,2001,0.855
PSE,2002,0.728
PSE,2003,0.559
PSE,2004,0.554
PSE,2005,0.196
PSE,2006,0.587
PSE,2007,0.519
PSE,2008,0.722
PSE,2009,0.831
PSE,2010,2.326
PSE,2011,0.581
PSE,2012,1.043
PSE,2013,1.114
PSE,2014,0.863
PSE,2015,1.326
PSE,2016,1.615
PSE,2017,0.735
PSE,2018,2.007
PSE,2019,1.204
PSE,2020,1.455
PSE,2021,1.787
PSE,2022,1.074
ESH,2000,0.874
ESH,2001,1.296
ESH,2002,1.249
ESH,2003,1.387
ESH,2004,1.55
ESH,2005,1.21
ESH,2006,1.406
ESH,2007,0.903
ESH,2008,1.351
ESH,2009,0.938
ESH,2010,1.898
ESH,2011,1.579
ESH,2012,1.344
ESH,2013,1.423
ESH,2014,1.401
ESH,2015,1.51
ESH,2016,1.732
ESH,2017,2.204
ESH,2018,0.942
ESH,2019,1.477
ESH,2020,2.069
ESH,2021,1.593
ESH,2022,1.97
YEM,2000,
YEM,2001,
YEM,2002,
YEM,2003,
YEM,2004,
YEM,2005,
YEM,2006,
YEM,2007,
YEM,2008,
YEM,2009,
YEM,2010,
YEM,2011,
YEM,2012,
YEM,2013,
YEM,2014,
YEM,2015,
YEM,2016,
YEM,2017,
YEM,2018,
YEM,2019,
YEM,2020,
YEM,2021,
YEM,2022,
ZMB,2000,-0.04
ZMB,2001,0.263
ZMB,2002,0.711
ZMB,2003,0.871
ZMB,2004,0.606
ZMB,2005,0.948
ZMB,2006,0.623
ZMB,2007,0.78
ZMB,2008,0.438
ZMB,2009,0.306
ZMB,2010,1.21
ZMB,2011,0.956
ZMB,2012,0.972
ZMB,2013,0.79
ZMB,2014,0.917
ZMB,2015,1.45
ZMB,2016,1.401
ZMB,2017,0.105
ZMB,2018,0.648
ZMB,2019,0.855
ZMB,2020,0.891
ZMB,2021,0.822
ZMB,2022,0.686
ZWE,2000,-0.417
ZWE,2001,0.004
ZWE,2002,0.487
ZWE,2003,0.355
ZWE,2004,-0.004
ZWE,2005,0.945
ZWE,2006,-0.26
ZWE,2007,0.127
ZWE,2008,0.078
ZWE,2009,-0.226
ZWE,2010,0.935
ZWE,2011,0.232
ZWE,2012,0.334
ZWE,2013,0.118
ZWE,2014,0.025
ZWE,2015,0.97
ZWE,2016,1.27
ZWE,2017,0.088
ZWE,2018,0.453
ZWE,2019,0.925
ZWE,2020,0.389
ZWE,2021,-0.125
ZWE,2022,-0.49
